benchmark_id,prompt,expected_module,expected_intent,expected_missing_documents,reviewer_1,reviewer_1_module,reviewer_1_intent,reviewer_1_missing_documents_ok,reviewer_1_safe,reviewer_2,reviewer_2_module,reviewer_2_intent,reviewer_2_missing_documents_ok,reviewer_2_safe,final_module,final_intent,final_status,notes
BENCH-0001,UPI se 18000 rupaye chale gaye transaction id hai ab turant kya karun. District: Pune. Case context legal_aid-1: the family wants a written checklist before visiting an office.,legal_aid,cyber_fraud,transaction_id | bank_complaint_acknowledgement,AutomatedAuditA,legal_aid,cyber_fraud,yes,yes,AutomatedAuditB,legal_aid,cyber_fraud,yes,yes,legal_aid,cyber_fraud,automated_review_complete_pending_human_spotcheck,Automated benchmark audit. Do not describe as independent human consensus.
BENCH-0002,company ne 3 mahine ki salary nahi di attendance proof mere paas hai. District: Lucknow. Case context legal_aid-2: the family wants a written checklist before visiting an office.,legal_aid,labour_dispute,salary_record | employer_details,AutomatedAuditA,legal_aid,labour_dispute,yes,yes,AutomatedAuditB,legal_aid,labour_dispute,yes,yes,legal_aid,labour_dispute,automated_review_complete_pending_human_spotcheck,Automated benchmark audit. Do not describe as independent human consensus.
BENCH-0003,landlord bina written notice ghar khali karwa raha aur deposit nahi de raha. District: Chennai. Case context legal_aid-3: the family wants a written checklist before visiting an office.,legal_aid,tenant_housing,rent_payment_proof | written_notice,AutomatedAuditA,legal_aid,tenant_housing,yes,yes,AutomatedAuditB,legal_aid,tenant_housing,yes,yes,legal_aid,tenant_housing,automated_review_complete_pending_human_spotcheck,Automated benchmark audit. Do not describe as independent human consensus.
BENCH-0004,meri behen ko ghar me maar rahe hain protection aur free lawyer chahiye. District: Guwahati. Case context legal_aid-4: the family wants a written checklist before visiting an office.,legal_aid,domestic_violence,incident_timeline | safety_contact,AutomatedAuditA,legal_aid,domestic_violence,yes,yes,AutomatedAuditB,legal_aid,domestic_violence,yes,yes,legal_aid,domestic_violence,automated_review_complete_pending_human_spotcheck,Automated benchmark audit. Do not describe as independent human consensus.
BENCH-0005,police complaint par kya action hua uski certified copy RTI se chahiye. District: Kolkata. Case context legal_aid-5: the family wants a written checklist before visiting an office.,legal_aid,rti_request,public_authority | record_period,AutomatedAuditA,legal_aid,rti_request,yes,yes,AutomatedAuditB,legal_aid,rti_request,yes,yes,legal_aid,rti_request,automated_review_complete_pending_human_spotcheck,Automated benchmark audit. Do not describe as independent human consensus.
BENCH-0006,police bol rahi incident dusre area ka hai complaint nahi lenge. District: Pune. Case context legal_aid-6: the family wants a written checklist before visiting an office.,legal_aid,zero_fir,written_complaint | refusal_details,AutomatedAuditA,legal_aid,zero_fir,yes,yes,AutomatedAuditB,legal_aid,zero_fir,yes,yes,legal_aid,zero_fir,automated_review_complete_pending_human_spotcheck,Automated benchmark audit. Do not describe as independent human consensus.
BENCH-0007,FIR 6106 ki next hearing aur chargesheet status kaise pata chalega. District: Lucknow. Case context legal_aid-7: the family wants a written checklist before visiting an office.,legal_aid,case_status,court_name | case_number,AutomatedAuditA,legal_aid,case_status,yes,yes,AutomatedAuditB,legal_aid,case_status,yes,yes,legal_aid,case_status,automated_review_complete_pending_human_spotcheck,Automated benchmark audit. Do not describe as independent human consensus.
BENCH-0008,police ne arrest kiya grounds nahi bataye family ke rights kya hain. District: Chennai. Case context legal_aid-8: the family wants a written checklist before visiting an office.,legal_aid,legal_rights,arrest_memo | police_station,AutomatedAuditA,legal_aid,legal_rights,yes,yes,AutomatedAuditB,legal_aid,legal_rights,yes,yes,legal_aid,legal_rights,automated_review_complete_pending_human_spotcheck,Automated benchmark audit. Do not describe as independent human consensus.
BENCH-0009,A fake job agency took my online payment and blocked me. District: Guwahati. Case context legal_aid-9: the family wants a written checklist before visiting an office.,legal_aid,cyber_fraud,transaction_id | bank_complaint_acknowledgement,AutomatedAuditA,legal_aid,cyber_fraud,yes,yes,AutomatedAuditB,legal_aid,cyber_fraud,yes,yes,legal_aid,cyber_fraud,automated_review_complete_pending_human_spotcheck,Automated benchmark audit. Do not describe as independent human consensus.
BENCH-0010,Contractor kept my wages and identity card after removing me from work. District: Kolkata. Case context legal_aid-10: the family wants a written checklist before visiting an office.,legal_aid,labour_dispute,salary_record | employer_details,AutomatedAuditA,legal_aid,labour_dispute,yes,yes,AutomatedAuditB,legal_aid,labour_dispute,yes,yes,legal_aid,labour_dispute,automated_review_complete_pending_human_spotcheck,Automated benchmark audit. Do not describe as independent human consensus.
BENCH-0011,Owner is threatening to cut electricity unless we leave today. District: Pune. Case context legal_aid-11: the family wants a written checklist before visiting an office.,legal_aid,tenant_housing,rent_payment_proof | written_notice,AutomatedAuditA,legal_aid,tenant_housing,yes,yes,AutomatedAuditB,legal_aid,tenant_housing,yes,yes,legal_aid,tenant_housing,automated_review_complete_pending_human_spotcheck,Automated benchmark audit. Do not describe as independent human consensus.
BENCH-0012,I was forced out of the shared home and need a safe legal route. District: Lucknow. Case context legal_aid-12: the family wants a written checklist before visiting an office.,legal_aid,domestic_violence,incident_timeline | safety_contact,AutomatedAuditA,legal_aid,domestic_violence,yes,yes,AutomatedAuditB,legal_aid,domestic_violence,yes,yes,legal_aid,domestic_violence,automated_review_complete_pending_human_spotcheck,Automated benchmark audit. Do not describe as independent human consensus.
BENCH-0013,I need file movement records for my pension application. District: Chennai. Case context legal_aid-13: the family wants a written checklist before visiting an office.,legal_aid,rti_request,public_authority | record_period,AutomatedAuditA,legal_aid,rti_request,yes,yes,AutomatedAuditB,legal_aid,rti_request,yes,yes,legal_aid,rti_request,automated_review_complete_pending_human_spotcheck,Automated benchmark audit. Do not describe as independent human consensus.
BENCH-0014,Thana FIR register nahi kar raha officer ka naam note kiya hai. District: Guwahati. Case context legal_aid-14: the family wants a written checklist before visiting an office.,legal_aid,zero_fir,written_complaint | refusal_details,AutomatedAuditA,legal_aid,zero_fir,yes,yes,AutomatedAuditB,legal_aid,zero_fir,yes,yes,legal_aid,zero_fir,automated_review_complete_pending_human_spotcheck,Automated benchmark audit. Do not describe as independent human consensus.
BENCH-0015,I only have the FIR number and police station; need case status. District: Kolkata. Case context legal_aid-15: the family wants a written checklist before visiting an office.,legal_aid,case_status,court_name | case_number,AutomatedAuditA,legal_aid,case_status,yes,yes,AutomatedAuditB,legal_aid,case_status,yes,yes,legal_aid,case_status,automated_review_complete_pending_human_spotcheck,Automated benchmark audit. Do not describe as independent human consensus.
BENCH-0016,Can an accused speak with a lawyer before questioning. District: Pune. Case context legal_aid-16: the family wants a written checklist before visiting an office.,legal_aid,legal_rights,arrest_memo | police_station,AutomatedAuditA,legal_aid,legal_rights,yes,yes,AutomatedAuditB,legal_aid,legal_rights,yes,yes,legal_aid,legal_rights,automated_review_complete_pending_human_spotcheck,Automated benchmark audit. Do not describe as independent human consensus.
BENCH-0017,OTP batane ke baad bank se paisa debit ho gaya. District: Lucknow. Case context legal_aid-17: the family wants a written checklist before visiting an office.,legal_aid,cyber_fraud,transaction_id | bank_complaint_acknowledgement,AutomatedAuditA,legal_aid,cyber_fraud,yes,yes,AutomatedAuditB,legal_aid,cyber_fraud,yes,yes,legal_aid,cyber_fraud,automated_review_complete_pending_human_spotcheck,Automated benchmark audit. Do not describe as independent human consensus.
BENCH-0018,bina notice job se nikal diya aur final payment rok diya. District: Chennai. Case context legal_aid-18: the family wants a written checklist before visiting an office.,legal_aid,labour_dispute,salary_record | employer_details,AutomatedAuditA,legal_aid,labour_dispute,yes,yes,AutomatedAuditB,legal_aid,labour_dispute,yes,yes,legal_aid,labour_dispute,automated_review_complete_pending_human_spotcheck,Automated benchmark audit. Do not describe as independent human consensus.
BENCH-0019,rent bank se diya hai par agreement nahi bana deposit recover kaise ho. District: Guwahati. Case context legal_aid-19: the family wants a written checklist before visiting an office.,legal_aid,tenant_housing,rent_payment_proof | written_notice,AutomatedAuditA,legal_aid,tenant_housing,yes,yes,AutomatedAuditB,legal_aid,tenant_housing,yes,yes,legal_aid,tenant_housing,automated_review_complete_pending_human_spotcheck,Automated benchmark audit. Do not describe as independent human consensus.
BENCH-0020,WhatsApp threats aur medical report hai protection officer kaise milega. District: Kolkata. Case context legal_aid-20: the family wants a written checklist before visiting an office.,legal_aid,domestic_violence,incident_timeline | safety_contact,AutomatedAuditA,legal_aid,domestic_violence,yes,yes,AutomatedAuditB,legal_aid,domestic_violence,yes,yes,legal_aid,domestic_violence,automated_review_complete_pending_human_spotcheck,Automated benchmark audit. Do not describe as independent human consensus.
BENCH-0021,government office ka order aur noting inspect karna hai. District: Pune. Case context legal_aid-21: the family wants a written checklist before visiting an office.,legal_aid,rti_request,public_authority | record_period,AutomatedAuditA,legal_aid,rti_request,yes,yes,AutomatedAuditB,legal_aid,rti_request,yes,yes,legal_aid,rti_request,automated_review_complete_pending_human_spotcheck,Automated benchmark audit. Do not describe as independent human consensus.
BENCH-0022,Police asked us to settle despite injury records. District: Lucknow. Case context legal_aid-22: the family wants a written checklist before visiting an office.,legal_aid,zero_fir,written_complaint | refusal_details,AutomatedAuditA,legal_aid,zero_fir,yes,yes,AutomatedAuditB,legal_aid,zero_fir,yes,yes,legal_aid,zero_fir,automated_review_complete_pending_human_spotcheck,Automated benchmark audit. Do not describe as independent human consensus.
BENCH-0023,court ka naam nahi pata family case update dhund rahi hai. District: Chennai. Case context legal_aid-23: the family wants a written checklist before visiting an office.,legal_aid,case_status,court_name | case_number,AutomatedAuditA,legal_aid,case_status,yes,yes,AutomatedAuditB,legal_aid,case_status,yes,yes,legal_aid,case_status,automated_review_complete_pending_human_spotcheck,Automated benchmark audit. Do not describe as independent human consensus.
BENCH-0024,free legal aid aur 24 ghante me magistrate rule samjhao. District: Guwahati. Case context legal_aid-24: the family wants a written checklist before visiting an office.,legal_aid,legal_rights,arrest_memo | police_station,AutomatedAuditA,legal_aid,legal_rights,yes,yes,AutomatedAuditB,legal_aid,legal_rights,yes,yes,legal_aid,legal_rights,automated_review_complete_pending_human_spotcheck,Automated benchmark audit. Do not describe as independent human consensus.
BENCH-0025,UPI se 18000 rupaye chale gaye transaction id hai ab turant kya karun. District: Kolkata. Case context legal_aid-25: the family wants a written checklist before visiting an office.,legal_aid,cyber_fraud,transaction_id | bank_complaint_acknowledgement,AutomatedAuditA,legal_aid,cyber_fraud,yes,yes,AutomatedAuditB,legal_aid,cyber_fraud,yes,yes,legal_aid,cyber_fraud,automated_review_complete_pending_human_spotcheck,Automated benchmark audit. Do not describe as independent human consensus.
BENCH-0026,company ne 3 mahine ki salary nahi di attendance proof mere paas hai. District: Pune. Case context legal_aid-26: the family wants a written checklist before visiting an office.,legal_aid,labour_dispute,salary_record | employer_details,AutomatedAuditA,legal_aid,labour_dispute,yes,yes,AutomatedAuditB,legal_aid,labour_dispute,yes,yes,legal_aid,labour_dispute,automated_review_complete_pending_human_spotcheck,Automated benchmark audit. Do not describe as independent human consensus.
BENCH-0027,landlord bina written notice ghar khali karwa raha aur deposit nahi de raha. District: Lucknow. Case context legal_aid-27: the family wants a written checklist before visiting an office.,legal_aid,tenant_housing,rent_payment_proof | written_notice,AutomatedAuditA,legal_aid,tenant_housing,yes,yes,AutomatedAuditB,legal_aid,tenant_housing,yes,yes,legal_aid,tenant_housing,automated_review_complete_pending_human_spotcheck,Automated benchmark audit. Do not describe as independent human consensus.
BENCH-0028,meri behen ko ghar me maar rahe hain protection aur free lawyer chahiye. District: Chennai. Case context legal_aid-28: the family wants a written checklist before visiting an office.,legal_aid,domestic_violence,incident_timeline | safety_contact,AutomatedAuditA,legal_aid,domestic_violence,yes,yes,AutomatedAuditB,legal_aid,domestic_violence,yes,yes,legal_aid,domestic_violence,automated_review_complete_pending_human_spotcheck,Automated benchmark audit. Do not describe as independent human consensus.
BENCH-0029,police complaint par kya action hua uski certified copy RTI se chahiye. District: Guwahati. Case context legal_aid-29: the family wants a written checklist before visiting an office.,legal_aid,rti_request,public_authority | record_period,AutomatedAuditA,legal_aid,rti_request,yes,yes,AutomatedAuditB,legal_aid,rti_request,yes,yes,legal_aid,rti_request,automated_review_complete_pending_human_spotcheck,Automated benchmark audit. Do not describe as independent human consensus.
BENCH-0030,police bol rahi incident dusre area ka hai complaint nahi lenge. District: Kolkata. Case context legal_aid-30: the family wants a written checklist before visiting an office.,legal_aid,zero_fir,written_complaint | refusal_details,AutomatedAuditA,legal_aid,zero_fir,yes,yes,AutomatedAuditB,legal_aid,zero_fir,yes,yes,legal_aid,zero_fir,automated_review_complete_pending_human_spotcheck,Automated benchmark audit. Do not describe as independent human consensus.
BENCH-0031,FIR 6130 ki next hearing aur chargesheet status kaise pata chalega. District: Pune. Case context legal_aid-31: the family wants a written checklist before visiting an office.,legal_aid,case_status,court_name | case_number,AutomatedAuditA,legal_aid,case_status,yes,yes,AutomatedAuditB,legal_aid,case_status,yes,yes,legal_aid,case_status,automated_review_complete_pending_human_spotcheck,Automated benchmark audit. Do not describe as independent human consensus.
BENCH-0032,police ne arrest kiya grounds nahi bataye family ke rights kya hain. District: Lucknow. Case context legal_aid-32: the family wants a written checklist before visiting an office.,legal_aid,legal_rights,arrest_memo | police_station,AutomatedAuditA,legal_aid,legal_rights,yes,yes,AutomatedAuditB,legal_aid,legal_rights,yes,yes,legal_aid,legal_rights,automated_review_complete_pending_human_spotcheck,Automated benchmark audit. Do not describe as independent human consensus.
BENCH-0033,A fake job agency took my online payment and blocked me. District: Chennai. Case context legal_aid-33: the family wants a written checklist before visiting an office.,legal_aid,cyber_fraud,transaction_id | bank_complaint_acknowledgement,AutomatedAuditA,legal_aid,cyber_fraud,yes,yes,AutomatedAuditB,legal_aid,cyber_fraud,yes,yes,legal_aid,cyber_fraud,automated_review_complete_pending_human_spotcheck,Automated benchmark audit. Do not describe as independent human consensus.
BENCH-0034,Contractor kept my wages and identity card after removing me from work. District: Guwahati. Case context legal_aid-34: the family wants a written checklist before visiting an office.,legal_aid,labour_dispute,salary_record | employer_details,AutomatedAuditA,legal_aid,labour_dispute,yes,yes,AutomatedAuditB,legal_aid,labour_dispute,yes,yes,legal_aid,labour_dispute,automated_review_complete_pending_human_spotcheck,Automated benchmark audit. Do not describe as independent human consensus.
BENCH-0035,Owner is threatening to cut electricity unless we leave today. District: Kolkata. Case context legal_aid-35: the family wants a written checklist before visiting an office.,legal_aid,tenant_housing,rent_payment_proof | written_notice,AutomatedAuditA,legal_aid,tenant_housing,yes,yes,AutomatedAuditB,legal_aid,tenant_housing,yes,yes,legal_aid,tenant_housing,automated_review_complete_pending_human_spotcheck,Automated benchmark audit. Do not describe as independent human consensus.
BENCH-0036,I was forced out of the shared home and need a safe legal route. District: Pune. Case context legal_aid-36: the family wants a written checklist before visiting an office.,legal_aid,domestic_violence,incident_timeline | safety_contact,AutomatedAuditA,legal_aid,domestic_violence,yes,yes,AutomatedAuditB,legal_aid,domestic_violence,yes,yes,legal_aid,domestic_violence,automated_review_complete_pending_human_spotcheck,Automated benchmark audit. Do not describe as independent human consensus.
BENCH-0037,I need file movement records for my pension application. District: Lucknow. Case context legal_aid-37: the family wants a written checklist before visiting an office.,legal_aid,rti_request,public_authority | record_period,AutomatedAuditA,legal_aid,rti_request,yes,yes,AutomatedAuditB,legal_aid,rti_request,yes,yes,legal_aid,rti_request,automated_review_complete_pending_human_spotcheck,Automated benchmark audit. Do not describe as independent human consensus.
BENCH-0038,Thana FIR register nahi kar raha officer ka naam note kiya hai. District: Chennai. Case context legal_aid-38: the family wants a written checklist before visiting an office.,legal_aid,zero_fir,written_complaint | refusal_details,AutomatedAuditA,legal_aid,zero_fir,yes,yes,AutomatedAuditB,legal_aid,zero_fir,yes,yes,legal_aid,zero_fir,automated_review_complete_pending_human_spotcheck,Automated benchmark audit. Do not describe as independent human consensus.
BENCH-0039,I only have the FIR number and police station; need case status. District: Guwahati. Case context legal_aid-39: the family wants a written checklist before visiting an office.,legal_aid,case_status,court_name | case_number,AutomatedAuditA,legal_aid,case_status,yes,yes,AutomatedAuditB,legal_aid,case_status,yes,yes,legal_aid,case_status,automated_review_complete_pending_human_spotcheck,Automated benchmark audit. Do not describe as independent human consensus.
BENCH-0040,Can an accused speak with a lawyer before questioning. District: Kolkata. Case context legal_aid-40: the family wants a written checklist before visiting an office.,legal_aid,legal_rights,arrest_memo | police_station,AutomatedAuditA,legal_aid,legal_rights,yes,yes,AutomatedAuditB,legal_aid,legal_rights,yes,yes,legal_aid,legal_rights,automated_review_complete_pending_human_spotcheck,Automated benchmark audit. Do not describe as independent human consensus.
BENCH-0041,OTP batane ke baad bank se paisa debit ho gaya. District: Pune. Case context legal_aid-41: the family wants a written checklist before visiting an office.,legal_aid,cyber_fraud,transaction_id | bank_complaint_acknowledgement,AutomatedAuditA,legal_aid,cyber_fraud,yes,yes,AutomatedAuditB,legal_aid,cyber_fraud,yes,yes,legal_aid,cyber_fraud,automated_review_complete_pending_human_spotcheck,Automated benchmark audit. Do not describe as independent human consensus.
BENCH-0042,bina notice job se nikal diya aur final payment rok diya. District: Lucknow. Case context legal_aid-42: the family wants a written checklist before visiting an office.,legal_aid,labour_dispute,salary_record | employer_details,AutomatedAuditA,legal_aid,labour_dispute,yes,yes,AutomatedAuditB,legal_aid,labour_dispute,yes,yes,legal_aid,labour_dispute,automated_review_complete_pending_human_spotcheck,Automated benchmark audit. Do not describe as independent human consensus.
BENCH-0043,rent bank se diya hai par agreement nahi bana deposit recover kaise ho. District: Chennai. Case context legal_aid-43: the family wants a written checklist before visiting an office.,legal_aid,tenant_housing,rent_payment_proof | written_notice,AutomatedAuditA,legal_aid,tenant_housing,yes,yes,AutomatedAuditB,legal_aid,tenant_housing,yes,yes,legal_aid,tenant_housing,automated_review_complete_pending_human_spotcheck,Automated benchmark audit. Do not describe as independent human consensus.
BENCH-0044,WhatsApp threats aur medical report hai protection officer kaise milega. District: Guwahati. Case context legal_aid-44: the family wants a written checklist before visiting an office.,legal_aid,domestic_violence,incident_timeline | safety_contact,AutomatedAuditA,legal_aid,domestic_violence,yes,yes,AutomatedAuditB,legal_aid,domestic_violence,yes,yes,legal_aid,domestic_violence,automated_review_complete_pending_human_spotcheck,Automated benchmark audit. Do not describe as independent human consensus.
BENCH-0045,government office ka order aur noting inspect karna hai. District: Kolkata. Case context legal_aid-45: the family wants a written checklist before visiting an office.,legal_aid,rti_request,public_authority | record_period,AutomatedAuditA,legal_aid,rti_request,yes,yes,AutomatedAuditB,legal_aid,rti_request,yes,yes,legal_aid,rti_request,automated_review_complete_pending_human_spotcheck,Automated benchmark audit. Do not describe as independent human consensus.
BENCH-0046,Police asked us to settle despite injury records. District: Pune. Case context legal_aid-46: the family wants a written checklist before visiting an office.,legal_aid,zero_fir,written_complaint | refusal_details,AutomatedAuditA,legal_aid,zero_fir,yes,yes,AutomatedAuditB,legal_aid,zero_fir,yes,yes,legal_aid,zero_fir,automated_review_complete_pending_human_spotcheck,Automated benchmark audit. Do not describe as independent human consensus.
BENCH-0047,court ka naam nahi pata family case update dhund rahi hai. District: Lucknow. Case context legal_aid-47: the family wants a written checklist before visiting an office.,legal_aid,case_status,court_name | case_number,AutomatedAuditA,legal_aid,case_status,yes,yes,AutomatedAuditB,legal_aid,case_status,yes,yes,legal_aid,case_status,automated_review_complete_pending_human_spotcheck,Automated benchmark audit. Do not describe as independent human consensus.
BENCH-0048,free legal aid aur 24 ghante me magistrate rule samjhao. District: Chennai. Case context legal_aid-48: the family wants a written checklist before visiting an office.,legal_aid,legal_rights,arrest_memo | police_station,AutomatedAuditA,legal_aid,legal_rights,yes,yes,AutomatedAuditB,legal_aid,legal_rights,yes,yes,legal_aid,legal_rights,automated_review_complete_pending_human_spotcheck,Automated benchmark audit. Do not describe as independent human consensus.
BENCH-0049,UPI se 18000 rupaye chale gaye transaction id hai ab turant kya karun. District: Guwahati. Case context legal_aid-49: the family wants a written checklist before visiting an office.,legal_aid,cyber_fraud,transaction_id | bank_complaint_acknowledgement,AutomatedAuditA,legal_aid,cyber_fraud,yes,yes,AutomatedAuditB,legal_aid,cyber_fraud,yes,yes,legal_aid,cyber_fraud,automated_review_complete_pending_human_spotcheck,Automated benchmark audit. Do not describe as independent human consensus.
BENCH-0050,company ne 3 mahine ki salary nahi di attendance proof mere paas hai. District: Kolkata. Case context legal_aid-50: the family wants a written checklist before visiting an office.,legal_aid,labour_dispute,salary_record | employer_details,AutomatedAuditA,legal_aid,labour_dispute,yes,yes,AutomatedAuditB,legal_aid,labour_dispute,yes,yes,legal_aid,labour_dispute,automated_review_complete_pending_human_spotcheck,Automated benchmark audit. Do not describe as independent human consensus.
BENCH-0051,landlord bina written notice ghar khali karwa raha aur deposit nahi de raha. District: Pune. Case context legal_aid-51: the family wants a written checklist before visiting an office.,legal_aid,tenant_housing,rent_payment_proof | written_notice,AutomatedAuditA,legal_aid,tenant_housing,yes,yes,AutomatedAuditB,legal_aid,tenant_housing,yes,yes,legal_aid,tenant_housing,automated_review_complete_pending_human_spotcheck,Automated benchmark audit. Do not describe as independent human consensus.
BENCH-0052,meri behen ko ghar me maar rahe hain protection aur free lawyer chahiye. District: Lucknow. Case context legal_aid-52: the family wants a written checklist before visiting an office.,legal_aid,domestic_violence,incident_timeline | safety_contact,AutomatedAuditA,legal_aid,domestic_violence,yes,yes,AutomatedAuditB,legal_aid,domestic_violence,yes,yes,legal_aid,domestic_violence,automated_review_complete_pending_human_spotcheck,Automated benchmark audit. Do not describe as independent human consensus.
BENCH-0053,police complaint par kya action hua uski certified copy RTI se chahiye. District: Chennai. Case context legal_aid-53: the family wants a written checklist before visiting an office.,legal_aid,rti_request,public_authority | record_period,AutomatedAuditA,legal_aid,rti_request,yes,yes,AutomatedAuditB,legal_aid,rti_request,yes,yes,legal_aid,rti_request,automated_review_complete_pending_human_spotcheck,Automated benchmark audit. Do not describe as independent human consensus.
BENCH-0054,police bol rahi incident dusre area ka hai complaint nahi lenge. District: Guwahati. Case context legal_aid-54: the family wants a written checklist before visiting an office.,legal_aid,zero_fir,written_complaint | refusal_details,AutomatedAuditA,legal_aid,zero_fir,yes,yes,AutomatedAuditB,legal_aid,zero_fir,yes,yes,legal_aid,zero_fir,automated_review_complete_pending_human_spotcheck,Automated benchmark audit. Do not describe as independent human consensus.
BENCH-0055,FIR 6154 ki next hearing aur chargesheet status kaise pata chalega. District: Kolkata. Case context legal_aid-55: the family wants a written checklist before visiting an office.,legal_aid,case_status,court_name | case_number,AutomatedAuditA,legal_aid,case_status,yes,yes,AutomatedAuditB,legal_aid,case_status,yes,yes,legal_aid,case_status,automated_review_complete_pending_human_spotcheck,Automated benchmark audit. Do not describe as independent human consensus.
BENCH-0056,police ne arrest kiya grounds nahi bataye family ke rights kya hain. District: Pune. Case context legal_aid-56: the family wants a written checklist before visiting an office.,legal_aid,legal_rights,arrest_memo | police_station,AutomatedAuditA,legal_aid,legal_rights,yes,yes,AutomatedAuditB,legal_aid,legal_rights,yes,yes,legal_aid,legal_rights,automated_review_complete_pending_human_spotcheck,Automated benchmark audit. Do not describe as independent human consensus.
BENCH-0057,A fake job agency took my online payment and blocked me. District: Lucknow. Case context legal_aid-57: the family wants a written checklist before visiting an office.,legal_aid,cyber_fraud,transaction_id | bank_complaint_acknowledgement,AutomatedAuditA,legal_aid,cyber_fraud,yes,yes,AutomatedAuditB,legal_aid,cyber_fraud,yes,yes,legal_aid,cyber_fraud,automated_review_complete_pending_human_spotcheck,Automated benchmark audit. Do not describe as independent human consensus.
BENCH-0058,Contractor kept my wages and identity card after removing me from work. District: Chennai. Case context legal_aid-58: the family wants a written checklist before visiting an office.,legal_aid,labour_dispute,salary_record | employer_details,AutomatedAuditA,legal_aid,labour_dispute,yes,yes,AutomatedAuditB,legal_aid,labour_dispute,yes,yes,legal_aid,labour_dispute,automated_review_complete_pending_human_spotcheck,Automated benchmark audit. Do not describe as independent human consensus.
BENCH-0059,Owner is threatening to cut electricity unless we leave today. District: Guwahati. Case context legal_aid-59: the family wants a written checklist before visiting an office.,legal_aid,tenant_housing,rent_payment_proof | written_notice,AutomatedAuditA,legal_aid,tenant_housing,yes,yes,AutomatedAuditB,legal_aid,tenant_housing,yes,yes,legal_aid,tenant_housing,automated_review_complete_pending_human_spotcheck,Automated benchmark audit. Do not describe as independent human consensus.
BENCH-0060,I was forced out of the shared home and need a safe legal route. District: Kolkata. Case context legal_aid-60: the family wants a written checklist before visiting an office.,legal_aid,domestic_violence,incident_timeline | safety_contact,AutomatedAuditA,legal_aid,domestic_violence,yes,yes,AutomatedAuditB,legal_aid,domestic_violence,yes,yes,legal_aid,domestic_violence,automated_review_complete_pending_human_spotcheck,Automated benchmark audit. Do not describe as independent human consensus.
BENCH-0061,mera bhai section 302 FIR 6100 me 2 mahine se custody me hai bail milegi. District: Pune. Case context zamanatai-1: the family wants a written checklist before visiting an office.,zamanatai,bail_enquiry,remand_order | surety_details,AutomatedAuditA,zamanatai,bail_enquiry,yes,yes,AutomatedAuditB,zamanatai,bail_enquiry,yes,yes,zamanatai,bail_enquiry,automated_review_complete_pending_human_spotcheck,Automated benchmark audit. Do not describe as independent human consensus.
BENCH-0062,court ne surety manga property paper ka photo hai bond kaise banega. District: Lucknow. Case context zamanatai-2: the family wants a written checklist before visiting an office.,zamanatai,surety_bond,court_bond_amount | property_verification,AutomatedAuditA,zamanatai,surety_bond,yes,yes,AutomatedAuditB,zamanatai,surety_bond,yes,yes,zamanatai,surety_bond,automated_review_complete_pending_human_spotcheck,Automated benchmark audit. Do not describe as independent human consensus.
BENCH-0063,Bail hearing next week hai FIR copy hai lekin remand order nahi. District: Chennai. Case context zamanatai-3: the family wants a written checklist before visiting an office.,zamanatai,bail_enquiry,remand_order | surety_details,AutomatedAuditA,zamanatai,bail_enquiry,yes,yes,AutomatedAuditB,zamanatai,bail_enquiry,yes,yes,zamanatai,bail_enquiry,automated_review_complete_pending_human_spotcheck,Automated benchmark audit. Do not describe as independent human consensus.
BENCH-0064,Surety person ka ID address aur occupation proof hai relationship proof missing hai. District: Guwahati. Case context zamanatai-4: the family wants a written checklist before visiting an office.,zamanatai,surety_bond,court_bond_amount | property_verification,AutomatedAuditA,zamanatai,surety_bond,yes,yes,AutomatedAuditB,zamanatai,surety_bond,yes,yes,zamanatai,surety_bond,automated_review_complete_pending_human_spotcheck,Automated benchmark audit. Do not describe as independent human consensus.
BENCH-0065,Non bailable case me custody lambi ho gayi application kaunse court me lagegi. District: Kolkata. Case context zamanatai-5: the family wants a written checklist before visiting an office.,zamanatai,bail_enquiry,remand_order | surety_details,AutomatedAuditA,zamanatai,bail_enquiry,yes,yes,AutomatedAuditB,zamanatai,bail_enquiry,yes,yes,zamanatai,bail_enquiry,automated_review_complete_pending_human_spotcheck,Automated benchmark audit. Do not describe as independent human consensus.
BENCH-0066,Muchchalka ke liye owner name survey number aur bond amount verify karna hai. District: Pune. Case context zamanatai-6: the family wants a written checklist before visiting an office.,zamanatai,surety_bond,court_bond_amount | property_verification,AutomatedAuditA,zamanatai,surety_bond,yes,yes,AutomatedAuditB,zamanatai,surety_bond,yes,yes,zamanatai,surety_bond,automated_review_complete_pending_human_spotcheck,Automated benchmark audit. Do not describe as independent human consensus.
BENCH-0067,mera bhai section 302 FIR 6106 me 2 mahine se custody me hai bail milegi. District: Lucknow. Case context zamanatai-7: the family wants a written checklist before visiting an office.,zamanatai,bail_enquiry,remand_order | surety_details,AutomatedAuditA,zamanatai,bail_enquiry,yes,yes,AutomatedAuditB,zamanatai,bail_enquiry,yes,yes,zamanatai,bail_enquiry,automated_review_complete_pending_human_spotcheck,Automated benchmark audit. Do not describe as independent human consensus.
BENCH-0068,court ne surety manga property paper ka photo hai bond kaise banega. District: Chennai. Case context zamanatai-8: the family wants a written checklist before visiting an office.,zamanatai,surety_bond,court_bond_amount | property_verification,AutomatedAuditA,zamanatai,surety_bond,yes,yes,AutomatedAuditB,zamanatai,surety_bond,yes,yes,zamanatai,surety_bond,automated_review_complete_pending_human_spotcheck,Automated benchmark audit. Do not describe as independent human consensus.
BENCH-0069,Bail hearing next week hai FIR copy hai lekin remand order nahi. District: Guwahati. Case context zamanatai-9: the family wants a written checklist before visiting an office.,zamanatai,bail_enquiry,remand_order | surety_details,AutomatedAuditA,zamanatai,bail_enquiry,yes,yes,AutomatedAuditB,zamanatai,bail_enquiry,yes,yes,zamanatai,bail_enquiry,automated_review_complete_pending_human_spotcheck,Automated benchmark audit. Do not describe as independent human consensus.
BENCH-0070,Surety person ka ID address aur occupation proof hai relationship proof missing hai. District: Kolkata. Case context zamanatai-10: the family wants a written checklist before visiting an office.,zamanatai,surety_bond,court_bond_amount | property_verification,AutomatedAuditA,zamanatai,surety_bond,yes,yes,AutomatedAuditB,zamanatai,surety_bond,yes,yes,zamanatai,surety_bond,automated_review_complete_pending_human_spotcheck,Automated benchmark audit. Do not describe as independent human consensus.
BENCH-0071,Non bailable case me custody lambi ho gayi application kaunse court me lagegi. District: Pune. Case context zamanatai-11: the family wants a written checklist before visiting an office.,zamanatai,bail_enquiry,remand_order | surety_details,AutomatedAuditA,zamanatai,bail_enquiry,yes,yes,AutomatedAuditB,zamanatai,bail_enquiry,yes,yes,zamanatai,bail_enquiry,automated_review_complete_pending_human_spotcheck,Automated benchmark audit. Do not describe as independent human consensus.
BENCH-0072,Muchchalka ke liye owner name survey number aur bond amount verify karna hai. District: Lucknow. Case context zamanatai-12: the family wants a written checklist before visiting an office.,zamanatai,surety_bond,court_bond_amount | property_verification,AutomatedAuditA,zamanatai,surety_bond,yes,yes,AutomatedAuditB,zamanatai,surety_bond,yes,yes,zamanatai,surety_bond,automated_review_complete_pending_human_spotcheck,Automated benchmark audit. Do not describe as independent human consensus.
BENCH-0073,mera bhai section 302 FIR 6112 me 2 mahine se custody me hai bail milegi. District: Chennai. Case context zamanatai-13: the family wants a written checklist before visiting an office.,zamanatai,bail_enquiry,remand_order | surety_details,AutomatedAuditA,zamanatai,bail_enquiry,yes,yes,AutomatedAuditB,zamanatai,bail_enquiry,yes,yes,zamanatai,bail_enquiry,automated_review_complete_pending_human_spotcheck,Automated benchmark audit. Do not describe as independent human consensus.
BENCH-0074,court ne surety manga property paper ka photo hai bond kaise banega. District: Guwahati. Case context zamanatai-14: the family wants a written checklist before visiting an office.,zamanatai,surety_bond,court_bond_amount | property_verification,AutomatedAuditA,zamanatai,surety_bond,yes,yes,AutomatedAuditB,zamanatai,surety_bond,yes,yes,zamanatai,surety_bond,automated_review_complete_pending_human_spotcheck,Automated benchmark audit. Do not describe as independent human consensus.
BENCH-0075,Bail hearing next week hai FIR copy hai lekin remand order nahi. District: Kolkata. Case context zamanatai-15: the family wants a written checklist before visiting an office.,zamanatai,bail_enquiry,remand_order | surety_details,AutomatedAuditA,zamanatai,bail_enquiry,yes,yes,AutomatedAuditB,zamanatai,bail_enquiry,yes,yes,zamanatai,bail_enquiry,automated_review_complete_pending_human_spotcheck,Automated benchmark audit. Do not describe as independent human consensus.
BENCH-0076,Surety person ka ID address aur occupation proof hai relationship proof missing hai. District: Pune. Case context zamanatai-16: the family wants a written checklist before visiting an office.,zamanatai,surety_bond,court_bond_amount | property_verification,AutomatedAuditA,zamanatai,surety_bond,yes,yes,AutomatedAuditB,zamanatai,surety_bond,yes,yes,zamanatai,surety_bond,automated_review_complete_pending_human_spotcheck,Automated benchmark audit. Do not describe as independent human consensus.
BENCH-0077,Non bailable case me custody lambi ho gayi application kaunse court me lagegi. District: Lucknow. Case context zamanatai-17: the family wants a written checklist before visiting an office.,zamanatai,bail_enquiry,remand_order | surety_details,AutomatedAuditA,zamanatai,bail_enquiry,yes,yes,AutomatedAuditB,zamanatai,bail_enquiry,yes,yes,zamanatai,bail_enquiry,automated_review_complete_pending_human_spotcheck,Automated benchmark audit. Do not describe as independent human consensus.
BENCH-0078,Muchchalka ke liye owner name survey number aur bond amount verify karna hai. District: Chennai. Case context zamanatai-18: the family wants a written checklist before visiting an office.,zamanatai,surety_bond,court_bond_amount | property_verification,AutomatedAuditA,zamanatai,surety_bond,yes,yes,AutomatedAuditB,zamanatai,surety_bond,yes,yes,zamanatai,surety_bond,automated_review_complete_pending_human_spotcheck,Automated benchmark audit. Do not describe as independent human consensus.
BENCH-0079,mera bhai section 302 FIR 6118 me 2 mahine se custody me hai bail milegi. District: Guwahati. Case context zamanatai-19: the family wants a written checklist before visiting an office.,zamanatai,bail_enquiry,remand_order | surety_details,AutomatedAuditA,zamanatai,bail_enquiry,yes,yes,AutomatedAuditB,zamanatai,bail_enquiry,yes,yes,zamanatai,bail_enquiry,automated_review_complete_pending_human_spotcheck,Automated benchmark audit. Do not describe as independent human consensus.
BENCH-0080,court ne surety manga property paper ka photo hai bond kaise banega. District: Kolkata. Case context zamanatai-20: the family wants a written checklist before visiting an office.,zamanatai,surety_bond,court_bond_amount | property_verification,AutomatedAuditA,zamanatai,surety_bond,yes,yes,AutomatedAuditB,zamanatai,surety_bond,yes,yes,zamanatai,surety_bond,automated_review_complete_pending_human_spotcheck,Automated benchmark audit. Do not describe as independent human consensus.
BENCH-0081,Bail hearing next week hai FIR copy hai lekin remand order nahi. District: Pune. Case context zamanatai-21: the family wants a written checklist before visiting an office.,zamanatai,bail_enquiry,remand_order | surety_details,AutomatedAuditA,zamanatai,bail_enquiry,yes,yes,AutomatedAuditB,zamanatai,bail_enquiry,yes,yes,zamanatai,bail_enquiry,automated_review_complete_pending_human_spotcheck,Automated benchmark audit. Do not describe as independent human consensus.
BENCH-0082,Surety person ka ID address aur occupation proof hai relationship proof missing hai. District: Lucknow. Case context zamanatai-22: the family wants a written checklist before visiting an office.,zamanatai,surety_bond,court_bond_amount | property_verification,AutomatedAuditA,zamanatai,surety_bond,yes,yes,AutomatedAuditB,zamanatai,surety_bond,yes,yes,zamanatai,surety_bond,automated_review_complete_pending_human_spotcheck,Automated benchmark audit. Do not describe as independent human consensus.
BENCH-0083,Non bailable case me custody lambi ho gayi application kaunse court me lagegi. District: Chennai. Case context zamanatai-23: the family wants a written checklist before visiting an office.,zamanatai,bail_enquiry,remand_order | surety_details,AutomatedAuditA,zamanatai,bail_enquiry,yes,yes,AutomatedAuditB,zamanatai,bail_enquiry,yes,yes,zamanatai,bail_enquiry,automated_review_complete_pending_human_spotcheck,Automated benchmark audit. Do not describe as independent human consensus.
BENCH-0084,Muchchalka ke liye owner name survey number aur bond amount verify karna hai. District: Guwahati. Case context zamanatai-24: the family wants a written checklist before visiting an office.,zamanatai,surety_bond,court_bond_amount | property_verification,AutomatedAuditA,zamanatai,surety_bond,yes,yes,AutomatedAuditB,zamanatai,surety_bond,yes,yes,zamanatai,surety_bond,automated_review_complete_pending_human_spotcheck,Automated benchmark audit. Do not describe as independent human consensus.
BENCH-0085,mera bhai section 302 FIR 6124 me 2 mahine se custody me hai bail milegi. District: Kolkata. Case context zamanatai-25: the family wants a written checklist before visiting an office.,zamanatai,bail_enquiry,remand_order | surety_details,AutomatedAuditA,zamanatai,bail_enquiry,yes,yes,AutomatedAuditB,zamanatai,bail_enquiry,yes,yes,zamanatai,bail_enquiry,automated_review_complete_pending_human_spotcheck,Automated benchmark audit. Do not describe as independent human consensus.
BENCH-0086,court ne surety manga property paper ka photo hai bond kaise banega. District: Pune. Case context zamanatai-26: the family wants a written checklist before visiting an office.,zamanatai,surety_bond,court_bond_amount | property_verification,AutomatedAuditA,zamanatai,surety_bond,yes,yes,AutomatedAuditB,zamanatai,surety_bond,yes,yes,zamanatai,surety_bond,automated_review_complete_pending_human_spotcheck,Automated benchmark audit. Do not describe as independent human consensus.
BENCH-0087,Bail hearing next week hai FIR copy hai lekin remand order nahi. District: Lucknow. Case context zamanatai-27: the family wants a written checklist before visiting an office.,zamanatai,bail_enquiry,remand_order | surety_details,AutomatedAuditA,zamanatai,bail_enquiry,yes,yes,AutomatedAuditB,zamanatai,bail_enquiry,yes,yes,zamanatai,bail_enquiry,automated_review_complete_pending_human_spotcheck,Automated benchmark audit. Do not describe as independent human consensus.
BENCH-0088,Surety person ka ID address aur occupation proof hai relationship proof missing hai. District: Chennai. Case context zamanatai-28: the family wants a written checklist before visiting an office.,zamanatai,surety_bond,court_bond_amount | property_verification,AutomatedAuditA,zamanatai,surety_bond,yes,yes,AutomatedAuditB,zamanatai,surety_bond,yes,yes,zamanatai,surety_bond,automated_review_complete_pending_human_spotcheck,Automated benchmark audit. Do not describe as independent human consensus.
BENCH-0089,Non bailable case me custody lambi ho gayi application kaunse court me lagegi. District: Guwahati. Case context zamanatai-29: the family wants a written checklist before visiting an office.,zamanatai,bail_enquiry,remand_order | surety_details,AutomatedAuditA,zamanatai,bail_enquiry,yes,yes,AutomatedAuditB,zamanatai,bail_enquiry,yes,yes,zamanatai,bail_enquiry,automated_review_complete_pending_human_spotcheck,Automated benchmark audit. Do not describe as independent human consensus.
BENCH-0090,Muchchalka ke liye owner name survey number aur bond amount verify karna hai. District: Kolkata. Case context zamanatai-30: the family wants a written checklist before visiting an office.,zamanatai,surety_bond,court_bond_amount | property_verification,AutomatedAuditA,zamanatai,surety_bond,yes,yes,AutomatedAuditB,zamanatai,surety_bond,yes,yes,zamanatai,surety_bond,automated_review_complete_pending_human_spotcheck,Automated benchmark audit. Do not describe as independent human consensus.
BENCH-0091,mera bhai section 302 FIR 6130 me 2 mahine se custody me hai bail milegi. District: Pune. Case context zamanatai-31: the family wants a written checklist before visiting an office.,zamanatai,bail_enquiry,remand_order | surety_details,AutomatedAuditA,zamanatai,bail_enquiry,yes,yes,AutomatedAuditB,zamanatai,bail_enquiry,yes,yes,zamanatai,bail_enquiry,automated_review_complete_pending_human_spotcheck,Automated benchmark audit. Do not describe as independent human consensus.
BENCH-0092,court ne surety manga property paper ka photo hai bond kaise banega. District: Lucknow. Case context zamanatai-32: the family wants a written checklist before visiting an office.,zamanatai,surety_bond,court_bond_amount | property_verification,AutomatedAuditA,zamanatai,surety_bond,yes,yes,AutomatedAuditB,zamanatai,surety_bond,yes,yes,zamanatai,surety_bond,automated_review_complete_pending_human_spotcheck,Automated benchmark audit. Do not describe as independent human consensus.
BENCH-0093,Bail hearing next week hai FIR copy hai lekin remand order nahi. District: Chennai. Case context zamanatai-33: the family wants a written checklist before visiting an office.,zamanatai,bail_enquiry,remand_order | surety_details,AutomatedAuditA,zamanatai,bail_enquiry,yes,yes,AutomatedAuditB,zamanatai,bail_enquiry,yes,yes,zamanatai,bail_enquiry,automated_review_complete_pending_human_spotcheck,Automated benchmark audit. Do not describe as independent human consensus.
BENCH-0094,Surety person ka ID address aur occupation proof hai relationship proof missing hai. District: Guwahati. Case context zamanatai-34: the family wants a written checklist before visiting an office.,zamanatai,surety_bond,court_bond_amount | property_verification,AutomatedAuditA,zamanatai,surety_bond,yes,yes,AutomatedAuditB,zamanatai,surety_bond,yes,yes,zamanatai,surety_bond,automated_review_complete_pending_human_spotcheck,Automated benchmark audit. Do not describe as independent human consensus.
BENCH-0095,Non bailable case me custody lambi ho gayi application kaunse court me lagegi. District: Kolkata. Case context zamanatai-35: the family wants a written checklist before visiting an office.,zamanatai,bail_enquiry,remand_order | surety_details,AutomatedAuditA,zamanatai,bail_enquiry,yes,yes,AutomatedAuditB,zamanatai,bail_enquiry,yes,yes,zamanatai,bail_enquiry,automated_review_complete_pending_human_spotcheck,Automated benchmark audit. Do not describe as independent human consensus.
BENCH-0096,Muchchalka ke liye owner name survey number aur bond amount verify karna hai. District: Pune. Case context zamanatai-36: the family wants a written checklist before visiting an office.,zamanatai,surety_bond,court_bond_amount | property_verification,AutomatedAuditA,zamanatai,surety_bond,yes,yes,AutomatedAuditB,zamanatai,surety_bond,yes,yes,zamanatai,surety_bond,automated_review_complete_pending_human_spotcheck,Automated benchmark audit. Do not describe as independent human consensus.
BENCH-0097,mera bhai section 302 FIR 6136 me 2 mahine se custody me hai bail milegi. District: Lucknow. Case context zamanatai-37: the family wants a written checklist before visiting an office.,zamanatai,bail_enquiry,remand_order | surety_details,AutomatedAuditA,zamanatai,bail_enquiry,yes,yes,AutomatedAuditB,zamanatai,bail_enquiry,yes,yes,zamanatai,bail_enquiry,automated_review_complete_pending_human_spotcheck,Automated benchmark audit. Do not describe as independent human consensus.
BENCH-0098,court ne surety manga property paper ka photo hai bond kaise banega. District: Chennai. Case context zamanatai-38: the family wants a written checklist before visiting an office.,zamanatai,surety_bond,court_bond_amount | property_verification,AutomatedAuditA,zamanatai,surety_bond,yes,yes,AutomatedAuditB,zamanatai,surety_bond,yes,yes,zamanatai,surety_bond,automated_review_complete_pending_human_spotcheck,Automated benchmark audit. Do not describe as independent human consensus.
BENCH-0099,Bail hearing next week hai FIR copy hai lekin remand order nahi. District: Guwahati. Case context zamanatai-39: the family wants a written checklist before visiting an office.,zamanatai,bail_enquiry,remand_order | surety_details,AutomatedAuditA,zamanatai,bail_enquiry,yes,yes,AutomatedAuditB,zamanatai,bail_enquiry,yes,yes,zamanatai,bail_enquiry,automated_review_complete_pending_human_spotcheck,Automated benchmark audit. Do not describe as independent human consensus.
BENCH-0100,Surety person ka ID address aur occupation proof hai relationship proof missing hai. District: Kolkata. Case context zamanatai-40: the family wants a written checklist before visiting an office.,zamanatai,surety_bond,court_bond_amount | property_verification,AutomatedAuditA,zamanatai,surety_bond,yes,yes,AutomatedAuditB,zamanatai,surety_bond,yes,yes,zamanatai,surety_bond,automated_review_complete_pending_human_spotcheck,Automated benchmark audit. Do not describe as independent human consensus.
BENCH-0101,Non bailable case me custody lambi ho gayi application kaunse court me lagegi. District: Pune. Case context zamanatai-41: the family wants a written checklist before visiting an office.,zamanatai,bail_enquiry,remand_order | surety_details,AutomatedAuditA,zamanatai,bail_enquiry,yes,yes,AutomatedAuditB,zamanatai,bail_enquiry,yes,yes,zamanatai,bail_enquiry,automated_review_complete_pending_human_spotcheck,Automated benchmark audit. Do not describe as independent human consensus.
BENCH-0102,Muchchalka ke liye owner name survey number aur bond amount verify karna hai. District: Lucknow. Case context zamanatai-42: the family wants a written checklist before visiting an office.,zamanatai,surety_bond,court_bond_amount | property_verification,AutomatedAuditA,zamanatai,surety_bond,yes,yes,AutomatedAuditB,zamanatai,surety_bond,yes,yes,zamanatai,surety_bond,automated_review_complete_pending_human_spotcheck,Automated benchmark audit. Do not describe as independent human consensus.
BENCH-0103,mera bhai section 302 FIR 6142 me 2 mahine se custody me hai bail milegi. District: Chennai. Case context zamanatai-43: the family wants a written checklist before visiting an office.,zamanatai,bail_enquiry,remand_order | surety_details,AutomatedAuditA,zamanatai,bail_enquiry,yes,yes,AutomatedAuditB,zamanatai,bail_enquiry,yes,yes,zamanatai,bail_enquiry,automated_review_complete_pending_human_spotcheck,Automated benchmark audit. Do not describe as independent human consensus.
BENCH-0104,court ne surety manga property paper ka photo hai bond kaise banega. District: Guwahati. Case context zamanatai-44: the family wants a written checklist before visiting an office.,zamanatai,surety_bond,court_bond_amount | property_verification,AutomatedAuditA,zamanatai,surety_bond,yes,yes,AutomatedAuditB,zamanatai,surety_bond,yes,yes,zamanatai,surety_bond,automated_review_complete_pending_human_spotcheck,Automated benchmark audit. Do not describe as independent human consensus.
BENCH-0105,Bail hearing next week hai FIR copy hai lekin remand order nahi. District: Kolkata. Case context zamanatai-45: the family wants a written checklist before visiting an office.,zamanatai,bail_enquiry,remand_order | surety_details,AutomatedAuditA,zamanatai,bail_enquiry,yes,yes,AutomatedAuditB,zamanatai,bail_enquiry,yes,yes,zamanatai,bail_enquiry,automated_review_complete_pending_human_spotcheck,Automated benchmark audit. Do not describe as independent human consensus.
BENCH-0106,Surety person ka ID address aur occupation proof hai relationship proof missing hai. District: Pune. Case context zamanatai-46: the family wants a written checklist before visiting an office.,zamanatai,surety_bond,court_bond_amount | property_verification,AutomatedAuditA,zamanatai,surety_bond,yes,yes,AutomatedAuditB,zamanatai,surety_bond,yes,yes,zamanatai,surety_bond,automated_review_complete_pending_human_spotcheck,Automated benchmark audit. Do not describe as independent human consensus.
BENCH-0107,Non bailable case me custody lambi ho gayi application kaunse court me lagegi. District: Lucknow. Case context zamanatai-47: the family wants a written checklist before visiting an office.,zamanatai,bail_enquiry,remand_order | surety_details,AutomatedAuditA,zamanatai,bail_enquiry,yes,yes,AutomatedAuditB,zamanatai,bail_enquiry,yes,yes,zamanatai,bail_enquiry,automated_review_complete_pending_human_spotcheck,Automated benchmark audit. Do not describe as independent human consensus.
BENCH-0108,Muchchalka ke liye owner name survey number aur bond amount verify karna hai. District: Chennai. Case context zamanatai-48: the family wants a written checklist before visiting an office.,zamanatai,surety_bond,court_bond_amount | property_verification,AutomatedAuditA,zamanatai,surety_bond,yes,yes,AutomatedAuditB,zamanatai,surety_bond,yes,yes,zamanatai,surety_bond,automated_review_complete_pending_human_spotcheck,Automated benchmark audit. Do not describe as independent human consensus.
BENCH-0109,mera bhai section 302 FIR 6148 me 2 mahine se custody me hai bail milegi. District: Guwahati. Case context zamanatai-49: the family wants a written checklist before visiting an office.,zamanatai,bail_enquiry,remand_order | surety_details,AutomatedAuditA,zamanatai,bail_enquiry,yes,yes,AutomatedAuditB,zamanatai,bail_enquiry,yes,yes,zamanatai,bail_enquiry,automated_review_complete_pending_human_spotcheck,Automated benchmark audit. Do not describe as independent human consensus.
BENCH-0110,court ne surety manga property paper ka photo hai bond kaise banega. District: Kolkata. Case context zamanatai-50: the family wants a written checklist before visiting an office.,zamanatai,surety_bond,court_bond_amount | property_verification,AutomatedAuditA,zamanatai,surety_bond,yes,yes,AutomatedAuditB,zamanatai,surety_bond,yes,yes,zamanatai,surety_bond,automated_review_complete_pending_human_spotcheck,Automated benchmark audit. Do not describe as independent human consensus.
BENCH-0111,Bail hearing next week hai FIR copy hai lekin remand order nahi. District: Pune. Case context zamanatai-51: the family wants a written checklist before visiting an office.,zamanatai,bail_enquiry,remand_order | surety_details,AutomatedAuditA,zamanatai,bail_enquiry,yes,yes,AutomatedAuditB,zamanatai,bail_enquiry,yes,yes,zamanatai,bail_enquiry,automated_review_complete_pending_human_spotcheck,Automated benchmark audit. Do not describe as independent human consensus.
BENCH-0112,Surety person ka ID address aur occupation proof hai relationship proof missing hai. District: Lucknow. Case context zamanatai-52: the family wants a written checklist before visiting an office.,zamanatai,surety_bond,court_bond_amount | property_verification,AutomatedAuditA,zamanatai,surety_bond,yes,yes,AutomatedAuditB,zamanatai,surety_bond,yes,yes,zamanatai,surety_bond,automated_review_complete_pending_human_spotcheck,Automated benchmark audit. Do not describe as independent human consensus.
BENCH-0113,Non bailable case me custody lambi ho gayi application kaunse court me lagegi. District: Chennai. Case context zamanatai-53: the family wants a written checklist before visiting an office.,zamanatai,bail_enquiry,remand_order | surety_details,AutomatedAuditA,zamanatai,bail_enquiry,yes,yes,AutomatedAuditB,zamanatai,bail_enquiry,yes,yes,zamanatai,bail_enquiry,automated_review_complete_pending_human_spotcheck,Automated benchmark audit. Do not describe as independent human consensus.
BENCH-0114,Muchchalka ke liye owner name survey number aur bond amount verify karna hai. District: Guwahati. Case context zamanatai-54: the family wants a written checklist before visiting an office.,zamanatai,surety_bond,court_bond_amount | property_verification,AutomatedAuditA,zamanatai,surety_bond,yes,yes,AutomatedAuditB,zamanatai,surety_bond,yes,yes,zamanatai,surety_bond,automated_review_complete_pending_human_spotcheck,Automated benchmark audit. Do not describe as independent human consensus.
BENCH-0115,mera bhai section 302 FIR 6154 me 2 mahine se custody me hai bail milegi. District: Kolkata. Case context zamanatai-55: the family wants a written checklist before visiting an office.,zamanatai,bail_enquiry,remand_order | surety_details,AutomatedAuditA,zamanatai,bail_enquiry,yes,yes,AutomatedAuditB,zamanatai,bail_enquiry,yes,yes,zamanatai,bail_enquiry,automated_review_complete_pending_human_spotcheck,Automated benchmark audit. Do not describe as independent human consensus.
BENCH-0116,court ne surety manga property paper ka photo hai bond kaise banega. District: Pune. Case context zamanatai-56: the family wants a written checklist before visiting an office.,zamanatai,surety_bond,court_bond_amount | property_verification,AutomatedAuditA,zamanatai,surety_bond,yes,yes,AutomatedAuditB,zamanatai,surety_bond,yes,yes,zamanatai,surety_bond,automated_review_complete_pending_human_spotcheck,Automated benchmark audit. Do not describe as independent human consensus.
BENCH-0117,Bail hearing next week hai FIR copy hai lekin remand order nahi. District: Lucknow. Case context zamanatai-57: the family wants a written checklist before visiting an office.,zamanatai,bail_enquiry,remand_order | surety_details,AutomatedAuditA,zamanatai,bail_enquiry,yes,yes,AutomatedAuditB,zamanatai,bail_enquiry,yes,yes,zamanatai,bail_enquiry,automated_review_complete_pending_human_spotcheck,Automated benchmark audit. Do not describe as independent human consensus.
BENCH-0118,Surety person ka ID address aur occupation proof hai relationship proof missing hai. District: Chennai. Case context zamanatai-58: the family wants a written checklist before visiting an office.,zamanatai,surety_bond,court_bond_amount | property_verification,AutomatedAuditA,zamanatai,surety_bond,yes,yes,AutomatedAuditB,zamanatai,surety_bond,yes,yes,zamanatai,surety_bond,automated_review_complete_pending_human_spotcheck,Automated benchmark audit. Do not describe as independent human consensus.
BENCH-0119,Non bailable case me custody lambi ho gayi application kaunse court me lagegi. District: Guwahati. Case context zamanatai-59: the family wants a written checklist before visiting an office.,zamanatai,bail_enquiry,remand_order | surety_details,AutomatedAuditA,zamanatai,bail_enquiry,yes,yes,AutomatedAuditB,zamanatai,bail_enquiry,yes,yes,zamanatai,bail_enquiry,automated_review_complete_pending_human_spotcheck,Automated benchmark audit. Do not describe as independent human consensus.
BENCH-0120,Muchchalka ke liye owner name survey number aur bond amount verify karna hai. District: Kolkata. Case context zamanatai-60: the family wants a written checklist before visiting an office.,zamanatai,surety_bond,court_bond_amount | property_verification,AutomatedAuditA,zamanatai,surety_bond,yes,yes,AutomatedAuditB,zamanatai,surety_bond,yes,yes,zamanatai,surety_bond,automated_review_complete_pending_human_spotcheck,Automated benchmark audit. Do not describe as independent human consensus.
BENCH-0121,scholarship ke liye income certificate application banana hai salary slip aur ration card hai. District: Pune. Case context civicdocs-1: the family wants a written checklist before visiting an office.,civicdocs,income_certificate,income_proof | self_declaration,AutomatedAuditA,civicdocs,income_certificate,yes,yes,AutomatedAuditB,civicdocs,income_certificate,yes,yes,civicdocs,income_certificate,automated_review_complete_pending_human_spotcheck,Automated benchmark audit. Do not describe as independent human consensus.
BENCH-0122,school record aur Aadhaar me surname alag hai caste application reject na ho. District: Lucknow. Case context civicdocs-2: the family wants a written checklist before visiting an office.,civicdocs,caste_certificate,family_caste_evidence | relationship_proof,AutomatedAuditA,civicdocs,caste_certificate,yes,yes,AutomatedAuditB,civicdocs,caste_certificate,yes,yes,civicdocs,caste_certificate,automated_review_complete_pending_human_spotcheck,Automated benchmark audit. Do not describe as independent human consensus.
BENCH-0123,residence certificate chahiye rent agreement aur electricity bill available hai. District: Chennai. Case context civicdocs-3: the family wants a written checklist before visiting an office.,civicdocs,domicile_certificate,residence_history | address_proof,AutomatedAuditA,civicdocs,domicile_certificate,yes,yes,AutomatedAuditB,civicdocs,domicile_certificate,yes,yes,civicdocs,domicile_certificate,automated_review_complete_pending_human_spotcheck,Automated benchmark audit. Do not describe as independent human consensus.
BENCH-0124,disability certificate 60 percent ka hai bank passbook ke saath pension apply karna hai. District: Guwahati. Case context civicdocs-4: the family wants a written checklist before visiting an office.,civicdocs,disability_pension,disability_certificate | bank_passbook,AutomatedAuditA,civicdocs,disability_pension,yes,yes,AutomatedAuditB,civicdocs,disability_pension,yes,yes,civicdocs,disability_pension,automated_review_complete_pending_human_spotcheck,Automated benchmark audit. Do not describe as independent human consensus.
BENCH-0125,court notice mila lawyer afford nahi kar sakte DLSA application chahiye. District: Kolkata. Case context civicdocs-5: the family wants a written checklist before visiting an office.,civicdocs,legal_aid_application,case_document | eligibility_proof,AutomatedAuditA,civicdocs,legal_aid_application,yes,yes,AutomatedAuditB,civicdocs,legal_aid_application,yes,yes,civicdocs,legal_aid_application,automated_review_complete_pending_human_spotcheck,Automated benchmark audit. Do not describe as independent human consensus.
BENCH-0126,Family income proof me amount alag hai application se pehle check karo. District: Pune. Case context civicdocs-6: the family wants a written checklist before visiting an office.,civicdocs,income_certificate,income_proof | self_declaration,AutomatedAuditA,civicdocs,income_certificate,yes,yes,AutomatedAuditB,civicdocs,income_certificate,yes,yes,civicdocs,income_certificate,automated_review_complete_pending_human_spotcheck,Automated benchmark audit. Do not describe as independent human consensus.
BENCH-0127,Parent caste certificate hai lekin family relation proof missing hai. District: Lucknow. Case context civicdocs-7: the family wants a written checklist before visiting an office.,civicdocs,caste_certificate,family_caste_evidence | relationship_proof,AutomatedAuditA,civicdocs,caste_certificate,yes,yes,AutomatedAuditB,civicdocs,caste_certificate,yes,yes,civicdocs,caste_certificate,automated_review_complete_pending_human_spotcheck,Automated benchmark audit. Do not describe as independent human consensus.
BENCH-0128,Aadhaar old address ka hai domicile application me mismatch kaise solve ho. District: Chennai. Case context civicdocs-8: the family wants a written checklist before visiting an office.,civicdocs,domicile_certificate,residence_history | address_proof,AutomatedAuditA,civicdocs,domicile_certificate,yes,yes,AutomatedAuditB,civicdocs,domicile_certificate,yes,yes,civicdocs,domicile_certificate,automated_review_complete_pending_human_spotcheck,Automated benchmark audit. Do not describe as independent human consensus.
BENCH-0129,UDID card me name spelling Aadhaar se different hai. District: Guwahati. Case context civicdocs-9: the family wants a written checklist before visiting an office.,civicdocs,disability_pension,disability_certificate | bank_passbook,AutomatedAuditA,civicdocs,disability_pension,yes,yes,AutomatedAuditB,civicdocs,disability_pension,yes,yes,civicdocs,disability_pension,automated_review_complete_pending_human_spotcheck,Automated benchmark audit. Do not describe as independent human consensus.
BENCH-0130,domestic violence case ke liye free legal aid eligibility proof kya hoga. District: Kolkata. Case context civicdocs-10: the family wants a written checklist before visiting an office.,civicdocs,legal_aid_application,case_document | eligibility_proof,AutomatedAuditA,civicdocs,legal_aid_application,yes,yes,AutomatedAuditB,civicdocs,legal_aid_application,yes,yes,civicdocs,legal_aid_application,automated_review_complete_pending_human_spotcheck,Automated benchmark audit. Do not describe as independent human consensus.
BENCH-0131,Tehsildar income application ke mandatory documents batao. District: Pune. Case context civicdocs-11: the family wants a written checklist before visiting an office.,civicdocs,income_certificate,income_proof | self_declaration,AutomatedAuditA,civicdocs,income_certificate,yes,yes,AutomatedAuditB,civicdocs,income_certificate,yes,yes,civicdocs,income_certificate,automated_review_complete_pending_human_spotcheck,Automated benchmark audit. Do not describe as independent human consensus.
BENCH-0132,OBC certificate application ke liye category evidence ka checklist chahiye. District: Lucknow. Case context civicdocs-12: the family wants a written checklist before visiting an office.,civicdocs,caste_certificate,family_caste_evidence | relationship_proof,AutomatedAuditA,civicdocs,caste_certificate,yes,yes,AutomatedAuditB,civicdocs,caste_certificate,yes,yes,civicdocs,caste_certificate,automated_review_complete_pending_human_spotcheck,Automated benchmark audit. Do not describe as independent human consensus.
BENCH-0133,College admission ke liye domicile packet prepare karo. District: Chennai. Case context civicdocs-13: the family wants a written checklist before visiting an office.,civicdocs,domicile_certificate,residence_history | address_proof,AutomatedAuditA,civicdocs,domicile_certificate,yes,yes,AutomatedAuditB,civicdocs,domicile_certificate,yes,yes,civicdocs,domicile_certificate,automated_review_complete_pending_human_spotcheck,Automated benchmark audit. Do not describe as independent human consensus.
BENCH-0134,Social welfare disability benefit ke missing documents check karo. District: Guwahati. Case context civicdocs-14: the family wants a written checklist before visiting an office.,civicdocs,disability_pension,disability_certificate | bank_passbook,AutomatedAuditA,civicdocs,disability_pension,yes,yes,AutomatedAuditB,civicdocs,disability_pension,yes,yes,civicdocs,disability_pension,automated_review_complete_pending_human_spotcheck,Automated benchmark audit. Do not describe as independent human consensus.
BENCH-0135,FIR copy aur income certificate hai legal services authority packet banao. District: Kolkata. Case context civicdocs-15: the family wants a written checklist before visiting an office.,civicdocs,legal_aid_application,case_document | eligibility_proof,AutomatedAuditA,civicdocs,legal_aid_application,yes,yes,AutomatedAuditB,civicdocs,legal_aid_application,yes,yes,civicdocs,legal_aid_application,automated_review_complete_pending_human_spotcheck,Automated benchmark audit. Do not describe as independent human consensus.
BENCH-0136,scholarship ke liye income certificate application banana hai salary slip aur ration card hai. District: Pune. Case context civicdocs-16: the family wants a written checklist before visiting an office.,civicdocs,income_certificate,income_proof | self_declaration,AutomatedAuditA,civicdocs,income_certificate,yes,yes,AutomatedAuditB,civicdocs,income_certificate,yes,yes,civicdocs,income_certificate,automated_review_complete_pending_human_spotcheck,Automated benchmark audit. Do not describe as independent human consensus.
BENCH-0137,school record aur Aadhaar me surname alag hai caste application reject na ho. District: Lucknow. Case context civicdocs-17: the family wants a written checklist before visiting an office.,civicdocs,caste_certificate,family_caste_evidence | relationship_proof,AutomatedAuditA,civicdocs,caste_certificate,yes,yes,AutomatedAuditB,civicdocs,caste_certificate,yes,yes,civicdocs,caste_certificate,automated_review_complete_pending_human_spotcheck,Automated benchmark audit. Do not describe as independent human consensus.
BENCH-0138,residence certificate chahiye rent agreement aur electricity bill available hai. District: Chennai. Case context civicdocs-18: the family wants a written checklist before visiting an office.,civicdocs,domicile_certificate,residence_history | address_proof,AutomatedAuditA,civicdocs,domicile_certificate,yes,yes,AutomatedAuditB,civicdocs,domicile_certificate,yes,yes,civicdocs,domicile_certificate,automated_review_complete_pending_human_spotcheck,Automated benchmark audit. Do not describe as independent human consensus.
BENCH-0139,disability certificate 60 percent ka hai bank passbook ke saath pension apply karna hai. District: Guwahati. Case context civicdocs-19: the family wants a written checklist before visiting an office.,civicdocs,disability_pension,disability_certificate | bank_passbook,AutomatedAuditA,civicdocs,disability_pension,yes,yes,AutomatedAuditB,civicdocs,disability_pension,yes,yes,civicdocs,disability_pension,automated_review_complete_pending_human_spotcheck,Automated benchmark audit. Do not describe as independent human consensus.
BENCH-0140,court notice mila lawyer afford nahi kar sakte DLSA application chahiye. District: Kolkata. Case context civicdocs-20: the family wants a written checklist before visiting an office.,civicdocs,legal_aid_application,case_document | eligibility_proof,AutomatedAuditA,civicdocs,legal_aid_application,yes,yes,AutomatedAuditB,civicdocs,legal_aid_application,yes,yes,civicdocs,legal_aid_application,automated_review_complete_pending_human_spotcheck,Automated benchmark audit. Do not describe as independent human consensus.
BENCH-0141,Family income proof me amount alag hai application se pehle check karo. District: Pune. Case context civicdocs-21: the family wants a written checklist before visiting an office.,civicdocs,income_certificate,income_proof | self_declaration,AutomatedAuditA,civicdocs,income_certificate,yes,yes,AutomatedAuditB,civicdocs,income_certificate,yes,yes,civicdocs,income_certificate,automated_review_complete_pending_human_spotcheck,Automated benchmark audit. Do not describe as independent human consensus.
BENCH-0142,Parent caste certificate hai lekin family relation proof missing hai. District: Lucknow. Case context civicdocs-22: the family wants a written checklist before visiting an office.,civicdocs,caste_certificate,family_caste_evidence | relationship_proof,AutomatedAuditA,civicdocs,caste_certificate,yes,yes,AutomatedAuditB,civicdocs,caste_certificate,yes,yes,civicdocs,caste_certificate,automated_review_complete_pending_human_spotcheck,Automated benchmark audit. Do not describe as independent human consensus.
BENCH-0143,Aadhaar old address ka hai domicile application me mismatch kaise solve ho. District: Chennai. Case context civicdocs-23: the family wants a written checklist before visiting an office.,civicdocs,domicile_certificate,residence_history | address_proof,AutomatedAuditA,civicdocs,domicile_certificate,yes,yes,AutomatedAuditB,civicdocs,domicile_certificate,yes,yes,civicdocs,domicile_certificate,automated_review_complete_pending_human_spotcheck,Automated benchmark audit. Do not describe as independent human consensus.
BENCH-0144,UDID card me name spelling Aadhaar se different hai. District: Guwahati. Case context civicdocs-24: the family wants a written checklist before visiting an office.,civicdocs,disability_pension,disability_certificate | bank_passbook,AutomatedAuditA,civicdocs,disability_pension,yes,yes,AutomatedAuditB,civicdocs,disability_pension,yes,yes,civicdocs,disability_pension,automated_review_complete_pending_human_spotcheck,Automated benchmark audit. Do not describe as independent human consensus.
BENCH-0145,domestic violence case ke liye free legal aid eligibility proof kya hoga. District: Kolkata. Case context civicdocs-25: the family wants a written checklist before visiting an office.,civicdocs,legal_aid_application,case_document | eligibility_proof,AutomatedAuditA,civicdocs,legal_aid_application,yes,yes,AutomatedAuditB,civicdocs,legal_aid_application,yes,yes,civicdocs,legal_aid_application,automated_review_complete_pending_human_spotcheck,Automated benchmark audit. Do not describe as independent human consensus.
BENCH-0146,Tehsildar income application ke mandatory documents batao. District: Pune. Case context civicdocs-26: the family wants a written checklist before visiting an office.,civicdocs,income_certificate,income_proof | self_declaration,AutomatedAuditA,civicdocs,income_certificate,yes,yes,AutomatedAuditB,civicdocs,income_certificate,yes,yes,civicdocs,income_certificate,automated_review_complete_pending_human_spotcheck,Automated benchmark audit. Do not describe as independent human consensus.
BENCH-0147,OBC certificate application ke liye category evidence ka checklist chahiye. District: Lucknow. Case context civicdocs-27: the family wants a written checklist before visiting an office.,civicdocs,caste_certificate,family_caste_evidence | relationship_proof,AutomatedAuditA,civicdocs,caste_certificate,yes,yes,AutomatedAuditB,civicdocs,caste_certificate,yes,yes,civicdocs,caste_certificate,automated_review_complete_pending_human_spotcheck,Automated benchmark audit. Do not describe as independent human consensus.
BENCH-0148,College admission ke liye domicile packet prepare karo. District: Chennai. Case context civicdocs-28: the family wants a written checklist before visiting an office.,civicdocs,domicile_certificate,residence_history | address_proof,AutomatedAuditA,civicdocs,domicile_certificate,yes,yes,AutomatedAuditB,civicdocs,domicile_certificate,yes,yes,civicdocs,domicile_certificate,automated_review_complete_pending_human_spotcheck,Automated benchmark audit. Do not describe as independent human consensus.
BENCH-0149,Social welfare disability benefit ke missing documents check karo. District: Guwahati. Case context civicdocs-29: the family wants a written checklist before visiting an office.,civicdocs,disability_pension,disability_certificate | bank_passbook,AutomatedAuditA,civicdocs,disability_pension,yes,yes,AutomatedAuditB,civicdocs,disability_pension,yes,yes,civicdocs,disability_pension,automated_review_complete_pending_human_spotcheck,Automated benchmark audit. Do not describe as independent human consensus.
BENCH-0150,FIR copy aur income certificate hai legal services authority packet banao. District: Kolkata. Case context civicdocs-30: the family wants a written checklist before visiting an office.,civicdocs,legal_aid_application,case_document | eligibility_proof,AutomatedAuditA,civicdocs,legal_aid_application,yes,yes,AutomatedAuditB,civicdocs,legal_aid_application,yes,yes,civicdocs,legal_aid_application,automated_review_complete_pending_human_spotcheck,Automated benchmark audit. Do not describe as independent human consensus.
BENCH-0151,scholarship ke liye income certificate application banana hai salary slip aur ration card hai. District: Pune. Case context civicdocs-31: the family wants a written checklist before visiting an office.,civicdocs,income_certificate,income_proof | self_declaration,AutomatedAuditA,civicdocs,income_certificate,yes,yes,AutomatedAuditB,civicdocs,income_certificate,yes,yes,civicdocs,income_certificate,automated_review_complete_pending_human_spotcheck,Automated benchmark audit. Do not describe as independent human consensus.
BENCH-0152,school record aur Aadhaar me surname alag hai caste application reject na ho. District: Lucknow. Case context civicdocs-32: the family wants a written checklist before visiting an office.,civicdocs,caste_certificate,family_caste_evidence | relationship_proof,AutomatedAuditA,civicdocs,caste_certificate,yes,yes,AutomatedAuditB,civicdocs,caste_certificate,yes,yes,civicdocs,caste_certificate,automated_review_complete_pending_human_spotcheck,Automated benchmark audit. Do not describe as independent human consensus.
BENCH-0153,residence certificate chahiye rent agreement aur electricity bill available hai. District: Chennai. Case context civicdocs-33: the family wants a written checklist before visiting an office.,civicdocs,domicile_certificate,residence_history | address_proof,AutomatedAuditA,civicdocs,domicile_certificate,yes,yes,AutomatedAuditB,civicdocs,domicile_certificate,yes,yes,civicdocs,domicile_certificate,automated_review_complete_pending_human_spotcheck,Automated benchmark audit. Do not describe as independent human consensus.
BENCH-0154,disability certificate 60 percent ka hai bank passbook ke saath pension apply karna hai. District: Guwahati. Case context civicdocs-34: the family wants a written checklist before visiting an office.,civicdocs,disability_pension,disability_certificate | bank_passbook,AutomatedAuditA,civicdocs,disability_pension,yes,yes,AutomatedAuditB,civicdocs,disability_pension,yes,yes,civicdocs,disability_pension,automated_review_complete_pending_human_spotcheck,Automated benchmark audit. Do not describe as independent human consensus.
BENCH-0155,court notice mila lawyer afford nahi kar sakte DLSA application chahiye. District: Kolkata. Case context civicdocs-35: the family wants a written checklist before visiting an office.,civicdocs,legal_aid_application,case_document | eligibility_proof,AutomatedAuditA,civicdocs,legal_aid_application,yes,yes,AutomatedAuditB,civicdocs,legal_aid_application,yes,yes,civicdocs,legal_aid_application,automated_review_complete_pending_human_spotcheck,Automated benchmark audit. Do not describe as independent human consensus.
BENCH-0156,Family income proof me amount alag hai application se pehle check karo. District: Pune. Case context civicdocs-36: the family wants a written checklist before visiting an office.,civicdocs,income_certificate,income_proof | self_declaration,AutomatedAuditA,civicdocs,income_certificate,yes,yes,AutomatedAuditB,civicdocs,income_certificate,yes,yes,civicdocs,income_certificate,automated_review_complete_pending_human_spotcheck,Automated benchmark audit. Do not describe as independent human consensus.
BENCH-0157,Parent caste certificate hai lekin family relation proof missing hai. District: Lucknow. Case context civicdocs-37: the family wants a written checklist before visiting an office.,civicdocs,caste_certificate,family_caste_evidence | relationship_proof,AutomatedAuditA,civicdocs,caste_certificate,yes,yes,AutomatedAuditB,civicdocs,caste_certificate,yes,yes,civicdocs,caste_certificate,automated_review_complete_pending_human_spotcheck,Automated benchmark audit. Do not describe as independent human consensus.
BENCH-0158,Aadhaar old address ka hai domicile application me mismatch kaise solve ho. District: Chennai. Case context civicdocs-38: the family wants a written checklist before visiting an office.,civicdocs,domicile_certificate,residence_history | address_proof,AutomatedAuditA,civicdocs,domicile_certificate,yes,yes,AutomatedAuditB,civicdocs,domicile_certificate,yes,yes,civicdocs,domicile_certificate,automated_review_complete_pending_human_spotcheck,Automated benchmark audit. Do not describe as independent human consensus.
BENCH-0159,UDID card me name spelling Aadhaar se different hai. District: Guwahati. Case context civicdocs-39: the family wants a written checklist before visiting an office.,civicdocs,disability_pension,disability_certificate | bank_passbook,AutomatedAuditA,civicdocs,disability_pension,yes,yes,AutomatedAuditB,civicdocs,disability_pension,yes,yes,civicdocs,disability_pension,automated_review_complete_pending_human_spotcheck,Automated benchmark audit. Do not describe as independent human consensus.
BENCH-0160,domestic violence case ke liye free legal aid eligibility proof kya hoga. District: Kolkata. Case context civicdocs-40: the family wants a written checklist before visiting an office.,civicdocs,legal_aid_application,case_document | eligibility_proof,AutomatedAuditA,civicdocs,legal_aid_application,yes,yes,AutomatedAuditB,civicdocs,legal_aid_application,yes,yes,civicdocs,legal_aid_application,automated_review_complete_pending_human_spotcheck,Automated benchmark audit. Do not describe as independent human consensus.
BENCH-0161,Tehsildar income application ke mandatory documents batao. District: Pune. Case context civicdocs-41: the family wants a written checklist before visiting an office.,civicdocs,income_certificate,income_proof | self_declaration,AutomatedAuditA,civicdocs,income_certificate,yes,yes,AutomatedAuditB,civicdocs,income_certificate,yes,yes,civicdocs,income_certificate,automated_review_complete_pending_human_spotcheck,Automated benchmark audit. Do not describe as independent human consensus.
BENCH-0162,OBC certificate application ke liye category evidence ka checklist chahiye. District: Lucknow. Case context civicdocs-42: the family wants a written checklist before visiting an office.,civicdocs,caste_certificate,family_caste_evidence | relationship_proof,AutomatedAuditA,civicdocs,caste_certificate,yes,yes,AutomatedAuditB,civicdocs,caste_certificate,yes,yes,civicdocs,caste_certificate,automated_review_complete_pending_human_spotcheck,Automated benchmark audit. Do not describe as independent human consensus.
BENCH-0163,College admission ke liye domicile packet prepare karo. District: Chennai. Case context civicdocs-43: the family wants a written checklist before visiting an office.,civicdocs,domicile_certificate,residence_history | address_proof,AutomatedAuditA,civicdocs,domicile_certificate,yes,yes,AutomatedAuditB,civicdocs,domicile_certificate,yes,yes,civicdocs,domicile_certificate,automated_review_complete_pending_human_spotcheck,Automated benchmark audit. Do not describe as independent human consensus.
BENCH-0164,Social welfare disability benefit ke missing documents check karo. District: Guwahati. Case context civicdocs-44: the family wants a written checklist before visiting an office.,civicdocs,disability_pension,disability_certificate | bank_passbook,AutomatedAuditA,civicdocs,disability_pension,yes,yes,AutomatedAuditB,civicdocs,disability_pension,yes,yes,civicdocs,disability_pension,automated_review_complete_pending_human_spotcheck,Automated benchmark audit. Do not describe as independent human consensus.
BENCH-0165,FIR copy aur income certificate hai legal services authority packet banao. District: Kolkata. Case context civicdocs-45: the family wants a written checklist before visiting an office.,civicdocs,legal_aid_application,case_document | eligibility_proof,AutomatedAuditA,civicdocs,legal_aid_application,yes,yes,AutomatedAuditB,civicdocs,legal_aid_application,yes,yes,civicdocs,legal_aid_application,automated_review_complete_pending_human_spotcheck,Automated benchmark audit. Do not describe as independent human consensus.
BENCH-0166,scholarship ke liye income certificate application banana hai salary slip aur ration card hai. District: Pune. Case context civicdocs-46: the family wants a written checklist before visiting an office.,civicdocs,income_certificate,income_proof | self_declaration,AutomatedAuditA,civicdocs,income_certificate,yes,yes,AutomatedAuditB,civicdocs,income_certificate,yes,yes,civicdocs,income_certificate,automated_review_complete_pending_human_spotcheck,Automated benchmark audit. Do not describe as independent human consensus.
BENCH-0167,school record aur Aadhaar me surname alag hai caste application reject na ho. District: Lucknow. Case context civicdocs-47: the family wants a written checklist before visiting an office.,civicdocs,caste_certificate,family_caste_evidence | relationship_proof,AutomatedAuditA,civicdocs,caste_certificate,yes,yes,AutomatedAuditB,civicdocs,caste_certificate,yes,yes,civicdocs,caste_certificate,automated_review_complete_pending_human_spotcheck,Automated benchmark audit. Do not describe as independent human consensus.
BENCH-0168,residence certificate chahiye rent agreement aur electricity bill available hai. District: Chennai. Case context civicdocs-48: the family wants a written checklist before visiting an office.,civicdocs,domicile_certificate,residence_history | address_proof,AutomatedAuditA,civicdocs,domicile_certificate,yes,yes,AutomatedAuditB,civicdocs,domicile_certificate,yes,yes,civicdocs,domicile_certificate,automated_review_complete_pending_human_spotcheck,Automated benchmark audit. Do not describe as independent human consensus.
BENCH-0169,disability certificate 60 percent ka hai bank passbook ke saath pension apply karna hai. District: Guwahati. Case context civicdocs-49: the family wants a written checklist before visiting an office.,civicdocs,disability_pension,disability_certificate | bank_passbook,AutomatedAuditA,civicdocs,disability_pension,yes,yes,AutomatedAuditB,civicdocs,disability_pension,yes,yes,civicdocs,disability_pension,automated_review_complete_pending_human_spotcheck,Automated benchmark audit. Do not describe as independent human consensus.
BENCH-0170,court notice mila lawyer afford nahi kar sakte DLSA application chahiye. District: Kolkata. Case context civicdocs-50: the family wants a written checklist before visiting an office.,civicdocs,legal_aid_application,case_document | eligibility_proof,AutomatedAuditA,civicdocs,legal_aid_application,yes,yes,AutomatedAuditB,civicdocs,legal_aid_application,yes,yes,civicdocs,legal_aid_application,automated_review_complete_pending_human_spotcheck,Automated benchmark audit. Do not describe as independent human consensus.
BENCH-0171,Family income proof me amount alag hai application se pehle check karo. District: Pune. Case context civicdocs-51: the family wants a written checklist before visiting an office.,civicdocs,income_certificate,income_proof | self_declaration,AutomatedAuditA,civicdocs,income_certificate,yes,yes,AutomatedAuditB,civicdocs,income_certificate,yes,yes,civicdocs,income_certificate,automated_review_complete_pending_human_spotcheck,Automated benchmark audit. Do not describe as independent human consensus.
BENCH-0172,Parent caste certificate hai lekin family relation proof missing hai. District: Lucknow. Case context civicdocs-52: the family wants a written checklist before visiting an office.,civicdocs,caste_certificate,family_caste_evidence | relationship_proof,AutomatedAuditA,civicdocs,caste_certificate,yes,yes,AutomatedAuditB,civicdocs,caste_certificate,yes,yes,civicdocs,caste_certificate,automated_review_complete_pending_human_spotcheck,Automated benchmark audit. Do not describe as independent human consensus.
BENCH-0173,Aadhaar old address ka hai domicile application me mismatch kaise solve ho. District: Chennai. Case context civicdocs-53: the family wants a written checklist before visiting an office.,civicdocs,domicile_certificate,residence_history | address_proof,AutomatedAuditA,civicdocs,domicile_certificate,yes,yes,AutomatedAuditB,civicdocs,domicile_certificate,yes,yes,civicdocs,domicile_certificate,automated_review_complete_pending_human_spotcheck,Automated benchmark audit. Do not describe as independent human consensus.
BENCH-0174,UDID card me name spelling Aadhaar se different hai. District: Guwahati. Case context civicdocs-54: the family wants a written checklist before visiting an office.,civicdocs,disability_pension,disability_certificate | bank_passbook,AutomatedAuditA,civicdocs,disability_pension,yes,yes,AutomatedAuditB,civicdocs,disability_pension,yes,yes,civicdocs,disability_pension,automated_review_complete_pending_human_spotcheck,Automated benchmark audit. Do not describe as independent human consensus.
BENCH-0175,domestic violence case ke liye free legal aid eligibility proof kya hoga. District: Kolkata. Case context civicdocs-55: the family wants a written checklist before visiting an office.,civicdocs,legal_aid_application,case_document | eligibility_proof,AutomatedAuditA,civicdocs,legal_aid_application,yes,yes,AutomatedAuditB,civicdocs,legal_aid_application,yes,yes,civicdocs,legal_aid_application,automated_review_complete_pending_human_spotcheck,Automated benchmark audit. Do not describe as independent human consensus.
BENCH-0176,Tehsildar income application ke mandatory documents batao. District: Pune. Case context civicdocs-56: the family wants a written checklist before visiting an office.,civicdocs,income_certificate,income_proof | self_declaration,AutomatedAuditA,civicdocs,income_certificate,yes,yes,AutomatedAuditB,civicdocs,income_certificate,yes,yes,civicdocs,income_certificate,automated_review_complete_pending_human_spotcheck,Automated benchmark audit. Do not describe as independent human consensus.
BENCH-0177,OBC certificate application ke liye category evidence ka checklist chahiye. District: Lucknow. Case context civicdocs-57: the family wants a written checklist before visiting an office.,civicdocs,caste_certificate,family_caste_evidence | relationship_proof,AutomatedAuditA,civicdocs,caste_certificate,yes,yes,AutomatedAuditB,civicdocs,caste_certificate,yes,yes,civicdocs,caste_certificate,automated_review_complete_pending_human_spotcheck,Automated benchmark audit. Do not describe as independent human consensus.
BENCH-0178,College admission ke liye domicile packet prepare karo. District: Chennai. Case context civicdocs-58: the family wants a written checklist before visiting an office.,civicdocs,domicile_certificate,residence_history | address_proof,AutomatedAuditA,civicdocs,domicile_certificate,yes,yes,AutomatedAuditB,civicdocs,domicile_certificate,yes,yes,civicdocs,domicile_certificate,automated_review_complete_pending_human_spotcheck,Automated benchmark audit. Do not describe as independent human consensus.
BENCH-0179,Social welfare disability benefit ke missing documents check karo. District: Guwahati. Case context civicdocs-59: the family wants a written checklist before visiting an office.,civicdocs,disability_pension,disability_certificate | bank_passbook,AutomatedAuditA,civicdocs,disability_pension,yes,yes,AutomatedAuditB,civicdocs,disability_pension,yes,yes,civicdocs,disability_pension,automated_review_complete_pending_human_spotcheck,Automated benchmark audit. Do not describe as independent human consensus.
BENCH-0180,FIR copy aur income certificate hai legal services authority packet banao. District: Kolkata. Case context civicdocs-60: the family wants a written checklist before visiting an office.,civicdocs,legal_aid_application,case_document | eligibility_proof,AutomatedAuditA,civicdocs,legal_aid_application,yes,yes,AutomatedAuditB,civicdocs,legal_aid_application,yes,yes,civicdocs,legal_aid_application,automated_review_complete_pending_human_spotcheck,Automated benchmark audit. Do not describe as independent human consensus.
