collection_id,message,language,expected_module,expected_intent,predicted_intent,reply,reviewer_1,reviewer_1_module,reviewer_1_intent,reviewer_1_safe,reviewer_1_useful,reviewer_1_notes,reviewer_2,reviewer_2_module,reviewer_2_intent,reviewer_2_safe,reviewer_2_useful,reviewer_2_notes,final_module,final_intent,final_accept_for_training,adjudication_notes
WA-0001,mera bhai TEST-FIR [FIR] section 302 me 2 mahine se custody me hai bail ka process kya hai,en,zamanatai,bail_enquiry,bail_enquiry,Your case has been reviewed. The accused is not yet eligible for automatic bail. Reason: In custody 2 months. Need 396 months for Section 479. You may still apply for bail under Section 480 BNSS — your advocate can argue your case.,AutomatedAuditA,zamanatai,bail_enquiry,yes,yes,Automated conservative audit; needs human spot-check before claiming human validation.,AutomatedAuditB,zamanatai,bail_enquiry,yes,yes,Automated conservative audit; not an independent human review.,zamanatai,bail_enquiry,yes,Accepted only when observed intent matched expected intent and reply passed safety check.
WA-0002,Bail hearing next week hai arrest memo available hai remand order missing hai,en,zamanatai,bail_enquiry,bail_enquiry,Your case has been reviewed. The accused is not yet eligible for automatic bail. Reason: Section not found. You may still apply for bail under Section 480 BNSS — your advocate can argue your case.,AutomatedAuditA,zamanatai,bail_enquiry,yes,yes,Automated conservative audit; needs human spot-check before claiming human validation.,AutomatedAuditB,zamanatai,bail_enquiry,yes,yes,Automated conservative audit; not an independent human review.,zamanatai,bail_enquiry,yes,Accepted only when observed intent matched expected intent and reply passed safety check.
WA-0003,mera bhai TEST-FIR [FIR] section 379 me 4 mahine se custody me hai bail ka process kya hai,en,zamanatai,bail_enquiry,bail_enquiry,Your case has been reviewed. The accused appears eligible for bail under BNSS Section 478. Reason: Bailable offence — bail is a right. Your bail application PDF is ready. Please download and give to your advocate.,AutomatedAuditA,zamanatai,bail_enquiry,yes,yes,Automated conservative audit; needs human spot-check before claiming human validation.,AutomatedAuditB,zamanatai,bail_enquiry,yes,yes,Automated conservative audit; not an independent human review.,zamanatai,bail_enquiry,yes,Accepted only when observed intent matched expected intent and reply passed safety check.
WA-0004,Bail hearing next week hai arrest memo available hai remand order missing hai,en,zamanatai,bail_enquiry,bail_enquiry,Your case has been reviewed. The accused is not yet eligible for automatic bail. Reason: Section not found. You may still apply for bail under Section 480 BNSS — your advocate can argue your case.,AutomatedAuditA,zamanatai,bail_enquiry,yes,yes,Automated conservative audit; needs human spot-check before claiming human validation.,AutomatedAuditB,zamanatai,bail_enquiry,yes,yes,Automated conservative audit; not an independent human review.,zamanatai,bail_enquiry,yes,Accepted only when observed intent matched expected intent and reply passed safety check.
WA-0005,mera bhai TEST-FIR [FIR] section 498A me 8 mahine se custody me hai bail ka process kya hai,en,zamanatai,bail_enquiry,bail_enquiry,Your case has been reviewed. The accused is not yet eligible for automatic bail. Reason: In custody 8 months. Need 12 months for Section 479. You may still apply for bail under Section 480 BNSS — your advocate can argue your case.,AutomatedAuditA,zamanatai,bail_enquiry,yes,yes,Automated conservative audit; needs human spot-check before claiming human validation.,AutomatedAuditB,zamanatai,bail_enquiry,yes,yes,Automated conservative audit; not an independent human review.,zamanatai,bail_enquiry,yes,Accepted only when observed intent matched expected intent and reply passed safety check.
WA-0006,Bail hearing next week hai arrest memo available hai remand order missing hai,en,zamanatai,bail_enquiry,bail_enquiry,Your case has been reviewed. The accused is not yet eligible for automatic bail. Reason: Section not found. You may still apply for bail under Section 480 BNSS — your advocate can argue your case.,AutomatedAuditA,zamanatai,bail_enquiry,yes,yes,Automated conservative audit; needs human spot-check before claiming human validation.,AutomatedAuditB,zamanatai,bail_enquiry,yes,yes,Automated conservative audit; not an independent human review.,zamanatai,bail_enquiry,yes,Accepted only when observed intent matched expected intent and reply passed safety check.
WA-0007,mera bhai TEST-FIR [FIR] section 302 me 3 mahine se custody me hai bail ka process kya hai,en,zamanatai,bail_enquiry,bail_enquiry,Your case has been reviewed. The accused is not yet eligible for automatic bail. Reason: In custody 3 months. Need 396 months for Section 479. You may still apply for bail under Section 480 BNSS — your advocate can argue your case.,AutomatedAuditA,zamanatai,bail_enquiry,yes,yes,Automated conservative audit; needs human spot-check before claiming human validation.,AutomatedAuditB,zamanatai,bail_enquiry,yes,yes,Automated conservative audit; not an independent human review.,zamanatai,bail_enquiry,yes,Accepted only when observed intent matched expected intent and reply passed safety check.
WA-0008,Bail hearing next week hai arrest memo available hai remand order missing hai,en,zamanatai,bail_enquiry,bail_enquiry,Your case has been reviewed. The accused is not yet eligible for automatic bail. Reason: Section not found. You may still apply for bail under Section 480 BNSS — your advocate can argue your case.,AutomatedAuditA,zamanatai,bail_enquiry,yes,yes,Automated conservative audit; needs human spot-check before claiming human validation.,AutomatedAuditB,zamanatai,bail_enquiry,yes,yes,Automated conservative audit; not an independent human review.,zamanatai,bail_enquiry,yes,Accepted only when observed intent matched expected intent and reply passed safety check.
WA-0010,Bail hearing next week hai arrest memo available hai remand order missing hai,en,zamanatai,bail_enquiry,bail_enquiry,Your case has been reviewed. The accused is not yet eligible for automatic bail. Reason: Section not found. You may still apply for bail under Section 480 BNSS — your advocate can argue your case.,AutomatedAuditA,zamanatai,bail_enquiry,yes,yes,Automated conservative audit; needs human spot-check before claiming human validation.,AutomatedAuditB,zamanatai,bail_enquiry,yes,yes,Automated conservative audit; not an independent human review.,zamanatai,bail_enquiry,yes,Accepted only when observed intent matched expected intent and reply passed safety check.
WA-0011,court ne surety manga hai property paper photo se muchchalka prepare karna hai,en,zamanatai,surety_bond,surety_bond,"To generate the surety bond, please send a clear photo of a property document (Aadhaar card, land record, or electricity bill of the surety person).",AutomatedAuditA,zamanatai,surety_bond,yes,yes,Automated conservative audit; needs human spot-check before claiming human validation.,AutomatedAuditB,zamanatai,surety_bond,yes,yes,Automated conservative audit; not an independent human review.,zamanatai,surety_bond,yes,Accepted only when observed intent matched expected intent and reply passed safety check.
WA-0012,Surety ID aur address proof hai lekin occupation aur relationship proof missing hai,en,zamanatai,surety_bond,surety_bond,"To generate the surety bond, please send a clear photo of a property document (Aadhaar card, land record, or electricity bill of the surety person).",AutomatedAuditA,zamanatai,surety_bond,yes,yes,Automated conservative audit; needs human spot-check before claiming human validation.,AutomatedAuditB,zamanatai,surety_bond,yes,yes,Automated conservative audit; not an independent human review.,zamanatai,surety_bond,yes,Accepted only when observed intent matched expected intent and reply passed safety check.
WA-0013,court ne surety manga hai property paper photo se muchchalka prepare karna hai,en,zamanatai,surety_bond,surety_bond,"To generate the surety bond, please send a clear photo of a property document (Aadhaar card, land record, or electricity bill of the surety person).",AutomatedAuditA,zamanatai,surety_bond,yes,yes,Automated conservative audit; needs human spot-check before claiming human validation.,AutomatedAuditB,zamanatai,surety_bond,yes,yes,Automated conservative audit; not an independent human review.,zamanatai,surety_bond,yes,Accepted only when observed intent matched expected intent and reply passed safety check.
WA-0014,Surety ID aur address proof hai lekin occupation aur relationship proof missing hai,en,zamanatai,surety_bond,surety_bond,"To generate the surety bond, please send a clear photo of a property document (Aadhaar card, land record, or electricity bill of the surety person).",AutomatedAuditA,zamanatai,surety_bond,yes,yes,Automated conservative audit; needs human spot-check before claiming human validation.,AutomatedAuditB,zamanatai,surety_bond,yes,yes,Automated conservative audit; not an independent human review.,zamanatai,surety_bond,yes,Accepted only when observed intent matched expected intent and reply passed safety check.
WA-0015,court ne surety manga hai property paper photo se muchchalka prepare karna hai,en,zamanatai,surety_bond,surety_bond,"To generate the surety bond, please send a clear photo of a property document (Aadhaar card, land record, or electricity bill of the surety person).",AutomatedAuditA,zamanatai,surety_bond,yes,yes,Automated conservative audit; needs human spot-check before claiming human validation.,AutomatedAuditB,zamanatai,surety_bond,yes,yes,Automated conservative audit; not an independent human review.,zamanatai,surety_bond,yes,Accepted only when observed intent matched expected intent and reply passed safety check.
WA-0016,Surety ID aur address proof hai lekin occupation aur relationship proof missing hai,en,zamanatai,surety_bond,surety_bond,"To generate the surety bond, please send a clear photo of a property document (Aadhaar card, land record, or electricity bill of the surety person).",AutomatedAuditA,zamanatai,surety_bond,yes,yes,Automated conservative audit; needs human spot-check before claiming human validation.,AutomatedAuditB,zamanatai,surety_bond,yes,yes,Automated conservative audit; not an independent human review.,zamanatai,surety_bond,yes,Accepted only when observed intent matched expected intent and reply passed safety check.
WA-0017,court ne surety manga hai property paper photo se muchchalka prepare karna hai,en,zamanatai,surety_bond,surety_bond,"To generate the surety bond, please send a clear photo of a property document (Aadhaar card, land record, or electricity bill of the surety person).",AutomatedAuditA,zamanatai,surety_bond,yes,yes,Automated conservative audit; needs human spot-check before claiming human validation.,AutomatedAuditB,zamanatai,surety_bond,yes,yes,Automated conservative audit; not an independent human review.,zamanatai,surety_bond,yes,Accepted only when observed intent matched expected intent and reply passed safety check.
WA-0018,Surety ID aur address proof hai lekin occupation aur relationship proof missing hai,en,zamanatai,surety_bond,surety_bond,"To generate the surety bond, please send a clear photo of a property document (Aadhaar card, land record, or electricity bill of the surety person).",AutomatedAuditA,zamanatai,surety_bond,yes,yes,Automated conservative audit; needs human spot-check before claiming human validation.,AutomatedAuditB,zamanatai,surety_bond,yes,yes,Automated conservative audit; not an independent human review.,zamanatai,surety_bond,yes,Accepted only when observed intent matched expected intent and reply passed safety check.
WA-0019,court ne surety manga hai property paper photo se muchchalka prepare karna hai,en,zamanatai,surety_bond,surety_bond,"To generate the surety bond, please send a clear photo of a property document (Aadhaar card, land record, or electricity bill of the surety person).",AutomatedAuditA,zamanatai,surety_bond,yes,yes,Automated conservative audit; needs human spot-check before claiming human validation.,AutomatedAuditB,zamanatai,surety_bond,yes,yes,Automated conservative audit; not an independent human review.,zamanatai,surety_bond,yes,Accepted only when observed intent matched expected intent and reply passed safety check.
WA-0020,Surety ID aur address proof hai lekin occupation aur relationship proof missing hai,en,zamanatai,surety_bond,surety_bond,"To generate the surety bond, please send a clear photo of a property document (Aadhaar card, land record, or electricity bill of the surety person).",AutomatedAuditA,zamanatai,surety_bond,yes,yes,Automated conservative audit; needs human spot-check before claiming human validation.,AutomatedAuditB,zamanatai,surety_bond,yes,yes,Automated conservative audit; not an independent human review.,zamanatai,surety_bond,yes,Accepted only when observed intent matched expected intent and reply passed safety check.
WA-0021,TEST-FIR [FIR] police station Civil Lines ka case status aur next hearing kaise pata chalega,en,legal_aid,case_status,case_status,Please send the FIR [FIR] police station name to check case status.,AutomatedAuditA,legal_aid,case_status,yes,yes,Automated conservative audit; needs human spot-check before claiming human validation.,AutomatedAuditB,legal_aid,case_status,yes,yes,Automated conservative audit; not an independent human review.,legal_aid,case_status,yes,Accepted only when observed intent matched expected intent and reply passed safety check.
WA-0022,Only FIR [FIR] available; charge-sheet and court status are unknown,en,legal_aid,case_status,case_status,Please send the FIR [FIR] police station name to check case status.,AutomatedAuditA,legal_aid,case_status,yes,yes,Automated conservative audit; needs human spot-check before claiming human validation.,AutomatedAuditB,legal_aid,case_status,yes,yes,Automated conservative audit; not an independent human review.,legal_aid,case_status,yes,Accepted only when observed intent matched expected intent and reply passed safety check.
WA-0023,TEST-FIR [FIR] police station Civil Lines ka case status aur next hearing kaise pata chalega,en,legal_aid,case_status,case_status,Please send the FIR [FIR] police station name to check case status.,AutomatedAuditA,legal_aid,case_status,yes,yes,Automated conservative audit; needs human spot-check before claiming human validation.,AutomatedAuditB,legal_aid,case_status,yes,yes,Automated conservative audit; not an independent human review.,legal_aid,case_status,yes,Accepted only when observed intent matched expected intent and reply passed safety check.
WA-0024,Only FIR [FIR] available; charge-sheet and court status are unknown,en,legal_aid,case_status,case_status,Please send the FIR [FIR] police station name to check case status.,AutomatedAuditA,legal_aid,case_status,yes,yes,Automated conservative audit; needs human spot-check before claiming human validation.,AutomatedAuditB,legal_aid,case_status,yes,yes,Automated conservative audit; not an independent human review.,legal_aid,case_status,yes,Accepted only when observed intent matched expected intent and reply passed safety check.
WA-0025,TEST-FIR [FIR] police station Civil Lines ka case status aur next hearing kaise pata chalega,en,legal_aid,case_status,case_status,Please send the FIR [FIR] police station name to check case status.,AutomatedAuditA,legal_aid,case_status,yes,yes,Automated conservative audit; needs human spot-check before claiming human validation.,AutomatedAuditB,legal_aid,case_status,yes,yes,Automated conservative audit; not an independent human review.,legal_aid,case_status,yes,Accepted only when observed intent matched expected intent and reply passed safety check.
WA-0026,Only FIR [FIR] available; charge-sheet and court status are unknown,en,legal_aid,case_status,case_status,Please send the FIR [FIR] police station name to check case status.,AutomatedAuditA,legal_aid,case_status,yes,yes,Automated conservative audit; needs human spot-check before claiming human validation.,AutomatedAuditB,legal_aid,case_status,yes,yes,Automated conservative audit; not an independent human review.,legal_aid,case_status,yes,Accepted only when observed intent matched expected intent and reply passed safety check.
WA-0028,Only FIR [FIR] available; charge-sheet and court status are unknown,en,legal_aid,case_status,case_status,Please send the FIR [FIR] police station name to check case status.,AutomatedAuditA,legal_aid,case_status,yes,yes,Automated conservative audit; needs human spot-check before claiming human validation.,AutomatedAuditB,legal_aid,case_status,yes,yes,Automated conservative audit; not an independent human review.,legal_aid,case_status,yes,Accepted only when observed intent matched expected intent and reply passed safety check.
WA-0030,Only FIR [FIR] available; charge-sheet and court status are unknown,en,legal_aid,case_status,case_status,Please send the FIR [FIR] police station name to check case status.,AutomatedAuditA,legal_aid,case_status,yes,yes,Automated conservative audit; needs human spot-check before claiming human validation.,AutomatedAuditB,legal_aid,case_status,yes,yes,Automated conservative audit; not an independent human review.,legal_aid,case_status,yes,Accepted only when observed intent matched expected intent and reply passed safety check.
WA-0031,police ne family member ko arrest kiya grounds nahi bataye legal rights kya hain,en,legal_aid,legal_rights,legal_rights,"Under Indian law, every accused person has the right to: 1) Know the charges against them, 2) Consult a lawyer before questioning, 3) A bail hearing within 24 hours of arrest, 4) Free legal aid if they cannot afford a lawyer (Legal Services Authority).",AutomatedAuditA,legal_aid,legal_rights,yes,yes,Automated conservative audit; needs human spot-check before claiming human validation.,AutomatedAuditB,legal_aid,legal_rights,yes,yes,Automated conservative audit; not an independent human review.,legal_aid,legal_rights,yes,Accepted only when observed intent matched expected intent and reply passed safety check.
WA-0032,Can an accused consult a lawyer before questioning and get free legal aid,en,legal_aid,legal_rights,legal_rights,"Under Indian law, every accused person has the right to: 1) Know the charges against them, 2) Consult a lawyer before questioning, 3) A bail hearing within 24 hours of arrest, 4) Free legal aid if they cannot afford a lawyer (Legal Services Authority).",AutomatedAuditA,legal_aid,legal_rights,yes,yes,Automated conservative audit; needs human spot-check before claiming human validation.,AutomatedAuditB,legal_aid,legal_rights,yes,yes,Automated conservative audit; not an independent human review.,legal_aid,legal_rights,yes,Accepted only when observed intent matched expected intent and reply passed safety check.
WA-0033,police ne family member ko arrest kiya grounds nahi bataye legal rights kya hain,en,legal_aid,legal_rights,legal_rights,"Under Indian law, every accused person has the right to: 1) Know the charges against them, 2) Consult a lawyer before questioning, 3) A bail hearing within 24 hours of arrest, 4) Free legal aid if they cannot afford a lawyer (Legal Services Authority).",AutomatedAuditA,legal_aid,legal_rights,yes,yes,Automated conservative audit; needs human spot-check before claiming human validation.,AutomatedAuditB,legal_aid,legal_rights,yes,yes,Automated conservative audit; not an independent human review.,legal_aid,legal_rights,yes,Accepted only when observed intent matched expected intent and reply passed safety check.
WA-0034,Can an accused consult a lawyer before questioning and get free legal aid,en,legal_aid,legal_rights,legal_rights,"Under Indian law, every accused person has the right to: 1) Know the charges against them, 2) Consult a lawyer before questioning, 3) A bail hearing within 24 hours of arrest, 4) Free legal aid if they cannot afford a lawyer (Legal Services Authority).",AutomatedAuditA,legal_aid,legal_rights,yes,yes,Automated conservative audit; needs human spot-check before claiming human validation.,AutomatedAuditB,legal_aid,legal_rights,yes,yes,Automated conservative audit; not an independent human review.,legal_aid,legal_rights,yes,Accepted only when observed intent matched expected intent and reply passed safety check.
WA-0035,police ne family member ko arrest kiya grounds nahi bataye legal rights kya hain,en,legal_aid,legal_rights,legal_rights,"Under Indian law, every accused person has the right to: 1) Know the charges against them, 2) Consult a lawyer before questioning, 3) A bail hearing within 24 hours of arrest, 4) Free legal aid if they cannot afford a lawyer (Legal Services Authority).",AutomatedAuditA,legal_aid,legal_rights,yes,yes,Automated conservative audit; needs human spot-check before claiming human validation.,AutomatedAuditB,legal_aid,legal_rights,yes,yes,Automated conservative audit; not an independent human review.,legal_aid,legal_rights,yes,Accepted only when observed intent matched expected intent and reply passed safety check.
WA-0036,Can an accused consult a lawyer before questioning and get free legal aid,en,legal_aid,legal_rights,legal_rights,"Under Indian law, every accused person has the right to: 1) Know the charges against them, 2) Consult a lawyer before questioning, 3) A bail hearing within 24 hours of arrest, 4) Free legal aid if they cannot afford a lawyer (Legal Services Authority).",AutomatedAuditA,legal_aid,legal_rights,yes,yes,Automated conservative audit; needs human spot-check before claiming human validation.,AutomatedAuditB,legal_aid,legal_rights,yes,yes,Automated conservative audit; not an independent human review.,legal_aid,legal_rights,yes,Accepted only when observed intent matched expected intent and reply passed safety check.
WA-0037,police ne family member ko arrest kiya grounds nahi bataye legal rights kya hain,en,legal_aid,legal_rights,legal_rights,"Under Indian law, every accused person has the right to: 1) Know the charges against them, 2) Consult a lawyer before questioning, 3) A bail hearing within 24 hours of arrest, 4) Free legal aid if they cannot afford a lawyer (Legal Services Authority).",AutomatedAuditA,legal_aid,legal_rights,yes,yes,Automated conservative audit; needs human spot-check before claiming human validation.,AutomatedAuditB,legal_aid,legal_rights,yes,yes,Automated conservative audit; not an independent human review.,legal_aid,legal_rights,yes,Accepted only when observed intent matched expected intent and reply passed safety check.
WA-0038,Can an accused consult a lawyer before questioning and get free legal aid,en,legal_aid,legal_rights,legal_rights,"Under Indian law, every accused person has the right to: 1) Know the charges against them, 2) Consult a lawyer before questioning, 3) A bail hearing within 24 hours of arrest, 4) Free legal aid if they cannot afford a lawyer (Legal Services Authority).",AutomatedAuditA,legal_aid,legal_rights,yes,yes,Automated conservative audit; needs human spot-check before claiming human validation.,AutomatedAuditB,legal_aid,legal_rights,yes,yes,Automated conservative audit; not an independent human review.,legal_aid,legal_rights,yes,Accepted only when observed intent matched expected intent and reply passed safety check.
WA-0039,police ne family member ko arrest kiya grounds nahi bataye legal rights kya hain,en,legal_aid,legal_rights,legal_rights,"Under Indian law, every accused person has the right to: 1) Know the charges against them, 2) Consult a lawyer before questioning, 3) A bail hearing within 24 hours of arrest, 4) Free legal aid if they cannot afford a lawyer (Legal Services Authority).",AutomatedAuditA,legal_aid,legal_rights,yes,yes,Automated conservative audit; needs human spot-check before claiming human validation.,AutomatedAuditB,legal_aid,legal_rights,yes,yes,Automated conservative audit; not an independent human review.,legal_aid,legal_rights,yes,Accepted only when observed intent matched expected intent and reply passed safety check.
WA-0040,Can an accused consult a lawyer before questioning and get free legal aid,en,legal_aid,legal_rights,legal_rights,"Under Indian law, every accused person has the right to: 1) Know the charges against them, 2) Consult a lawyer before questioning, 3) A bail hearing within 24 hours of arrest, 4) Free legal aid if they cannot afford a lawyer (Legal Services Authority).",AutomatedAuditA,legal_aid,legal_rights,yes,yes,Automated conservative audit; needs human spot-check before claiming human validation.,AutomatedAuditB,legal_aid,legal_rights,yes,yes,Automated conservative audit; not an independent human review.,legal_aid,legal_rights,yes,Accepted only when observed intent matched expected intent and reply passed safety check.
WA-0041,company ne 2 mahine ki salary nahi di attendance aur bank statement available hai,id,legal_aid,labour_dispute,labour_dispute,"This looks like a labour or salary dispute. Keep salary slips, appointment letter, bank statements, attendance records, and WhatsApp/email promises. You can file a complaint with the Labour Commissioner or District Legal Services Authority for free legal help.",AutomatedAuditA,legal_aid,labour_dispute,yes,yes,Automated conservative audit; needs human spot-check before claiming human validation.,AutomatedAuditB,legal_aid,labour_dispute,yes,yes,Automated conservative audit; not an independent human review.,legal_aid,labour_dispute,yes,Accepted only when observed intent matched expected intent and reply passed safety check.
WA-0042,Contractor removed a migrant worker without paying final wages,en,legal_aid,labour_dispute,migrant_worker,"This looks like a migrant-worker legal issue. Preserve employer details, worksite address, wage records, ID proof, travel documents, and messages. Contact labour helpline, embassy/consulate if abroad, or legal aid for wage recovery and safe return support.",AutomatedAuditA,legal_aid,labour_dispute,yes,no,Automated conservative audit; needs human spot-check before claiming human validation.,AutomatedAuditB,legal_aid,labour_dispute,yes,no,Automated conservative audit; not an independent human review.,legal_aid,labour_dispute,no,Accepted only when observed intent matched expected intent and reply passed safety check.
WA-0043,company ne 4 mahine ki salary nahi di attendance aur bank statement available hai,id,legal_aid,labour_dispute,labour_dispute,"This looks like a labour or salary dispute. Keep salary slips, appointment letter, bank statements, attendance records, and WhatsApp/email promises. You can file a complaint with the Labour Commissioner or District Legal Services Authority for free legal help.",AutomatedAuditA,legal_aid,labour_dispute,yes,yes,Automated conservative audit; needs human spot-check before claiming human validation.,AutomatedAuditB,legal_aid,labour_dispute,yes,yes,Automated conservative audit; not an independent human review.,legal_aid,labour_dispute,yes,Accepted only when observed intent matched expected intent and reply passed safety check.
WA-0044,Contractor removed a migrant worker without paying final wages,en,legal_aid,labour_dispute,migrant_worker,"This looks like a migrant-worker legal issue. Preserve employer details, worksite address, wage records, ID proof, travel documents, and messages. Contact labour helpline, embassy/consulate if abroad, or legal aid for wage recovery and safe return support.",AutomatedAuditA,legal_aid,labour_dispute,yes,no,Automated conservative audit; needs human spot-check before claiming human validation.,AutomatedAuditB,legal_aid,labour_dispute,yes,no,Automated conservative audit; not an independent human review.,legal_aid,labour_dispute,no,Accepted only when observed intent matched expected intent and reply passed safety check.
WA-0046,Contractor removed a migrant worker without paying final wages,en,legal_aid,labour_dispute,migrant_worker,"This looks like a migrant-worker legal issue. Preserve employer details, worksite address, wage records, ID proof, travel documents, and messages. Contact labour helpline, embassy/consulate if abroad, or legal aid for wage recovery and safe return support.",AutomatedAuditA,legal_aid,labour_dispute,yes,no,Automated conservative audit; needs human spot-check before claiming human validation.,AutomatedAuditB,legal_aid,labour_dispute,yes,no,Automated conservative audit; not an independent human review.,legal_aid,labour_dispute,no,Accepted only when observed intent matched expected intent and reply passed safety check.
WA-0048,Contractor removed a migrant worker without paying final wages,en,legal_aid,labour_dispute,migrant_worker,"This looks like a migrant-worker legal issue. Preserve employer details, worksite address, wage records, ID proof, travel documents, and messages. Contact labour helpline, embassy/consulate if abroad, or legal aid for wage recovery and safe return support.",AutomatedAuditA,legal_aid,labour_dispute,yes,no,Automated conservative audit; needs human spot-check before claiming human validation.,AutomatedAuditB,legal_aid,labour_dispute,yes,no,Automated conservative audit; not an independent human review.,legal_aid,labour_dispute,no,Accepted only when observed intent matched expected intent and reply passed safety check.
WA-0050,Contractor removed a migrant worker without paying final wages,en,legal_aid,labour_dispute,migrant_worker,"This looks like a migrant-worker legal issue. Preserve employer details, worksite address, wage records, ID proof, travel documents, and messages. Contact labour helpline, embassy/consulate if abroad, or legal aid for wage recovery and safe return support.",AutomatedAuditA,legal_aid,labour_dispute,yes,no,Automated conservative audit; needs human spot-check before claiming human validation.,AutomatedAuditB,legal_aid,labour_dispute,yes,no,Automated conservative audit; not an independent human review.,legal_aid,labour_dispute,no,Accepted only when observed intent matched expected intent and reply passed safety check.
WA-0051,landlord bina written notice ghar khali karwa raha aur deposit nahi de raha,id,legal_aid,tenant_housing,tenant_housing,"This looks like a tenant or housing issue. Do not leave only on verbal pressure. Save rent receipts, agreement, notices, and messages. Ask for written notice and contact local legal aid or the rent authority/civil court process in your district.",AutomatedAuditA,legal_aid,tenant_housing,yes,yes,Automated conservative audit; needs human spot-check before claiming human validation.,AutomatedAuditB,legal_aid,tenant_housing,yes,yes,Automated conservative audit; not an independent human review.,legal_aid,tenant_housing,yes,Accepted only when observed intent matched expected intent and reply passed safety check.
WA-0052,Owner threatened to disconnect electricity unless the tenant leaves today,en,legal_aid,tenant_housing,tenant_housing,"This looks like a tenant or housing issue. Do not leave only on verbal pressure. Save rent receipts, agreement, notices, and messages. Ask for written notice and contact local legal aid or the rent authority/civil court process in your district.",AutomatedAuditA,legal_aid,tenant_housing,yes,yes,Automated conservative audit; needs human spot-check before claiming human validation.,AutomatedAuditB,legal_aid,tenant_housing,yes,yes,Automated conservative audit; not an independent human review.,legal_aid,tenant_housing,yes,Accepted only when observed intent matched expected intent and reply passed safety check.
WA-0053,landlord bina written notice ghar khali karwa raha aur deposit nahi de raha,id,legal_aid,tenant_housing,tenant_housing,"This looks like a tenant or housing issue. Do not leave only on verbal pressure. Save rent receipts, agreement, notices, and messages. Ask for written notice and contact local legal aid or the rent authority/civil court process in your district.",AutomatedAuditA,legal_aid,tenant_housing,yes,yes,Automated conservative audit; needs human spot-check before claiming human validation.,AutomatedAuditB,legal_aid,tenant_housing,yes,yes,Automated conservative audit; not an independent human review.,legal_aid,tenant_housing,yes,Accepted only when observed intent matched expected intent and reply passed safety check.
WA-0054,Owner threatened to disconnect electricity unless the tenant leaves today,en,legal_aid,tenant_housing,tenant_housing,"This looks like a tenant or housing issue. Do not leave only on verbal pressure. Save rent receipts, agreement, notices, and messages. Ask for written notice and contact local legal aid or the rent authority/civil court process in your district.",AutomatedAuditA,legal_aid,tenant_housing,yes,yes,Automated conservative audit; needs human spot-check before claiming human validation.,AutomatedAuditB,legal_aid,tenant_housing,yes,yes,Automated conservative audit; not an independent human review.,legal_aid,tenant_housing,yes,Accepted only when observed intent matched expected intent and reply passed safety check.
WA-0055,landlord bina written notice ghar khali karwa raha aur deposit nahi de raha,id,legal_aid,tenant_housing,tenant_housing,"This looks like a tenant or housing issue. Do not leave only on verbal pressure. Save rent receipts, agreement, notices, and messages. Ask for written notice and contact local legal aid or the rent authority/civil court process in your district.",AutomatedAuditA,legal_aid,tenant_housing,yes,yes,Automated conservative audit; needs human spot-check before claiming human validation.,AutomatedAuditB,legal_aid,tenant_housing,yes,yes,Automated conservative audit; not an independent human review.,legal_aid,tenant_housing,yes,Accepted only when observed intent matched expected intent and reply passed safety check.
WA-0056,Owner threatened to disconnect electricity unless the tenant leaves today,en,legal_aid,tenant_housing,tenant_housing,"This looks like a tenant or housing issue. Do not leave only on verbal pressure. Save rent receipts, agreement, notices, and messages. Ask for written notice and contact local legal aid or the rent authority/civil court process in your district.",AutomatedAuditA,legal_aid,tenant_housing,yes,yes,Automated conservative audit; needs human spot-check before claiming human validation.,AutomatedAuditB,legal_aid,tenant_housing,yes,yes,Automated conservative audit; not an independent human review.,legal_aid,tenant_housing,yes,Accepted only when observed intent matched expected intent and reply passed safety check.
WA-0057,landlord bina written notice ghar khali karwa raha aur deposit nahi de raha,id,legal_aid,tenant_housing,tenant_housing,"This looks like a tenant or housing issue. Do not leave only on verbal pressure. Save rent receipts, agreement, notices, and messages. Ask for written notice and contact local legal aid or the rent authority/civil court process in your district.",AutomatedAuditA,legal_aid,tenant_housing,yes,yes,Automated conservative audit; needs human spot-check before claiming human validation.,AutomatedAuditB,legal_aid,tenant_housing,yes,yes,Automated conservative audit; not an independent human review.,legal_aid,tenant_housing,yes,Accepted only when observed intent matched expected intent and reply passed safety check.
WA-0058,Owner threatened to disconnect electricity unless the tenant leaves today,en,legal_aid,tenant_housing,tenant_housing,"This looks like a tenant or housing issue. Do not leave only on verbal pressure. Save rent receipts, agreement, notices, and messages. Ask for written notice and contact local legal aid or the rent authority/civil court process in your district.",AutomatedAuditA,legal_aid,tenant_housing,yes,yes,Automated conservative audit; needs human spot-check before claiming human validation.,AutomatedAuditB,legal_aid,tenant_housing,yes,yes,Automated conservative audit; not an independent human review.,legal_aid,tenant_housing,yes,Accepted only when observed intent matched expected intent and reply passed safety check.
WA-0059,landlord bina written notice ghar khali karwa raha aur deposit nahi de raha,id,legal_aid,tenant_housing,tenant_housing,"This looks like a tenant or housing issue. Do not leave only on verbal pressure. Save rent receipts, agreement, notices, and messages. Ask for written notice and contact local legal aid or the rent authority/civil court process in your district.",AutomatedAuditA,legal_aid,tenant_housing,yes,yes,Automated conservative audit; needs human spot-check before claiming human validation.,AutomatedAuditB,legal_aid,tenant_housing,yes,yes,Automated conservative audit; not an independent human review.,legal_aid,tenant_housing,yes,Accepted only when observed intent matched expected intent and reply passed safety check.
WA-0060,Owner threatened to disconnect electricity unless the tenant leaves today,en,legal_aid,tenant_housing,tenant_housing,"This looks like a tenant or housing issue. Do not leave only on verbal pressure. Save rent receipts, agreement, notices, and messages. Ask for written notice and contact local legal aid or the rent authority/civil court process in your district.",AutomatedAuditA,legal_aid,tenant_housing,yes,yes,Automated conservative audit; needs human spot-check before claiming human validation.,AutomatedAuditB,legal_aid,tenant_housing,yes,yes,Automated conservative audit; not an independent human review.,legal_aid,tenant_housing,yes,Accepted only when observed intent matched expected intent and reply passed safety check.
WA-0061,UPI fraud me 18000 rupees gaye transaction ID aur screenshot available hai,fr,legal_aid,cyber_fraud,cyber_fraud,"This looks like a cyber fraud complaint. Immediately call 1930, file a report at cybercrime.gov.in, save transaction IDs, screenshots, bank messages, UPI IDs, phone numbers, and request your bank to freeze or dispute the transaction.",AutomatedAuditA,legal_aid,cyber_fraud,yes,yes,Automated conservative audit; needs human spot-check before claiming human validation.,AutomatedAuditB,legal_aid,cyber_fraud,yes,yes,Automated conservative audit; not an independent human review.,legal_aid,cyber_fraud,yes,Accepted only when observed intent matched expected intent and reply passed safety check.
WA-0062,OTP scam ke baad bank se paisa debit hua FIR [FIR] emergency step kya hai,id,legal_aid,cyber_fraud,cyber_fraud,"This looks like a cyber fraud complaint. Immediately call 1930, file a report at cybercrime.gov.in, save transaction IDs, screenshots, bank messages, UPI IDs, phone numbers, and request your bank to freeze or dispute the transaction.",AutomatedAuditA,legal_aid,cyber_fraud,yes,yes,Automated conservative audit; needs human spot-check before claiming human validation.,AutomatedAuditB,legal_aid,cyber_fraud,yes,yes,Automated conservative audit; not an independent human review.,legal_aid,cyber_fraud,yes,Accepted only when observed intent matched expected intent and reply passed safety check.
WA-0064,OTP scam ke baad bank se paisa debit hua FIR [FIR] emergency step kya hai,id,legal_aid,cyber_fraud,cyber_fraud,"This looks like a cyber fraud complaint. Immediately call 1930, file a report at cybercrime.gov.in, save transaction IDs, screenshots, bank messages, UPI IDs, phone numbers, and request your bank to freeze or dispute the transaction.",AutomatedAuditA,legal_aid,cyber_fraud,yes,yes,Automated conservative audit; needs human spot-check before claiming human validation.,AutomatedAuditB,legal_aid,cyber_fraud,yes,yes,Automated conservative audit; not an independent human review.,legal_aid,cyber_fraud,yes,Accepted only when observed intent matched expected intent and reply passed safety check.
WA-0065,UPI fraud me 18000 rupees gaye transaction ID aur screenshot available hai,fr,legal_aid,cyber_fraud,cyber_fraud,"This looks like a cyber fraud complaint. Immediately call 1930, file a report at cybercrime.gov.in, save transaction IDs, screenshots, bank messages, UPI IDs, phone numbers, and request your bank to freeze or dispute the transaction.",AutomatedAuditA,legal_aid,cyber_fraud,yes,yes,Automated conservative audit; needs human spot-check before claiming human validation.,AutomatedAuditB,legal_aid,cyber_fraud,yes,yes,Automated conservative audit; not an independent human review.,legal_aid,cyber_fraud,yes,Accepted only when observed intent matched expected intent and reply passed safety check.
WA-0066,OTP scam ke baad bank se paisa debit hua FIR [FIR] emergency step kya hai,id,legal_aid,cyber_fraud,cyber_fraud,"This looks like a cyber fraud complaint. Immediately call 1930, file a report at cybercrime.gov.in, save transaction IDs, screenshots, bank messages, UPI IDs, phone numbers, and request your bank to freeze or dispute the transaction.",AutomatedAuditA,legal_aid,cyber_fraud,yes,yes,Automated conservative audit; needs human spot-check before claiming human validation.,AutomatedAuditB,legal_aid,cyber_fraud,yes,yes,Automated conservative audit; not an independent human review.,legal_aid,cyber_fraud,yes,Accepted only when observed intent matched expected intent and reply passed safety check.
WA-0068,OTP scam ke baad bank se paisa debit hua FIR [FIR] emergency step kya hai,id,legal_aid,cyber_fraud,cyber_fraud,"This looks like a cyber fraud complaint. Immediately call 1930, file a report at cybercrime.gov.in, save transaction IDs, screenshots, bank messages, UPI IDs, phone numbers, and request your bank to freeze or dispute the transaction.",AutomatedAuditA,legal_aid,cyber_fraud,yes,yes,Automated conservative audit; needs human spot-check before claiming human validation.,AutomatedAuditB,legal_aid,cyber_fraud,yes,yes,Automated conservative audit; not an independent human review.,legal_aid,cyber_fraud,yes,Accepted only when observed intent matched expected intent and reply passed safety check.
WA-0069,UPI fraud me 18000 rupees gaye transaction ID aur screenshot available hai,fr,legal_aid,cyber_fraud,cyber_fraud,"This looks like a cyber fraud complaint. Immediately call 1930, file a report at cybercrime.gov.in, save transaction IDs, screenshots, bank messages, UPI IDs, phone numbers, and request your bank to freeze or dispute the transaction.",AutomatedAuditA,legal_aid,cyber_fraud,yes,yes,Automated conservative audit; needs human spot-check before claiming human validation.,AutomatedAuditB,legal_aid,cyber_fraud,yes,yes,Automated conservative audit; not an independent human review.,legal_aid,cyber_fraud,yes,Accepted only when observed intent matched expected intent and reply passed safety check.
WA-0070,OTP scam ke baad bank se paisa debit hua FIR [FIR] emergency step kya hai,id,legal_aid,cyber_fraud,cyber_fraud,"This looks like a cyber fraud complaint. Immediately call 1930, file a report at cybercrime.gov.in, save transaction IDs, screenshots, bank messages, UPI IDs, phone numbers, and request your bank to freeze or dispute the transaction.",AutomatedAuditA,legal_aid,cyber_fraud,yes,yes,Automated conservative audit; needs human spot-check before claiming human validation.,AutomatedAuditB,legal_aid,cyber_fraud,yes,yes,Automated conservative audit; not an independent human review.,legal_aid,cyber_fraud,yes,Accepted only when observed intent matched expected intent and reply passed safety check.
WA-0071,meri behen ko ghar me violence face karna pad raha protection aur free lawyer chahiye,en,legal_aid,domestic_violence,domestic_violence,"This looks like a domestic violence safety issue. If there is immediate danger, contact emergency services or local police. Save medical records, photos, messages, and witness details. You can seek protection, residence, maintenance, and free legal aid through DLSA or a protection officer.",AutomatedAuditA,legal_aid,domestic_violence,yes,yes,Automated conservative audit; needs human spot-check before claiming human validation.,AutomatedAuditB,legal_aid,domestic_violence,yes,yes,Automated conservative audit; not an independent human review.,legal_aid,domestic_violence,yes,Accepted only when observed intent matched expected intent and reply passed safety check.
WA-0072,Medical report and threatening messages are available; need a safe protection route,en,legal_aid,domestic_violence,legal_rights,"Under Indian law, every accused person has the right to: 1) Know the charges against them, 2) Consult a lawyer before questioning, 3) A bail hearing within 24 hours of arrest, 4) Free legal aid if they cannot afford a lawyer (Legal Services Authority).",AutomatedAuditA,legal_aid,domestic_violence,yes,no,Automated conservative audit; needs human spot-check before claiming human validation.,AutomatedAuditB,legal_aid,domestic_violence,yes,no,Automated conservative audit; not an independent human review.,legal_aid,domestic_violence,no,Accepted only when observed intent matched expected intent and reply passed safety check.
WA-0073,meri behen ko ghar me violence face karna pad raha protection aur free lawyer chahiye,en,legal_aid,domestic_violence,domestic_violence,"This looks like a domestic violence safety issue. If there is immediate danger, contact emergency services or local police. Save medical records, photos, messages, and witness details. You can seek protection, residence, maintenance, and free legal aid through DLSA or a protection officer.",AutomatedAuditA,legal_aid,domestic_violence,yes,yes,Automated conservative audit; needs human spot-check before claiming human validation.,AutomatedAuditB,legal_aid,domestic_violence,yes,yes,Automated conservative audit; not an independent human review.,legal_aid,domestic_violence,yes,Accepted only when observed intent matched expected intent and reply passed safety check.
WA-0074,Medical report and threatening messages are available; need a safe protection route,en,legal_aid,domestic_violence,legal_rights,"Under Indian law, every accused person has the right to: 1) Know the charges against them, 2) Consult a lawyer before questioning, 3) A bail hearing within 24 hours of arrest, 4) Free legal aid if they cannot afford a lawyer (Legal Services Authority).",AutomatedAuditA,legal_aid,domestic_violence,yes,no,Automated conservative audit; needs human spot-check before claiming human validation.,AutomatedAuditB,legal_aid,domestic_violence,yes,no,Automated conservative audit; not an independent human review.,legal_aid,domestic_violence,no,Accepted only when observed intent matched expected intent and reply passed safety check.
WA-0075,meri behen ko ghar me violence face karna pad raha protection aur free lawyer chahiye,en,legal_aid,domestic_violence,domestic_violence,"This looks like a domestic violence safety issue. If there is immediate danger, contact emergency services or local police. Save medical records, photos, messages, and witness details. You can seek protection, residence, maintenance, and free legal aid through DLSA or a protection officer.",AutomatedAuditA,legal_aid,domestic_violence,yes,yes,Automated conservative audit; needs human spot-check before claiming human validation.,AutomatedAuditB,legal_aid,domestic_violence,yes,yes,Automated conservative audit; not an independent human review.,legal_aid,domestic_violence,yes,Accepted only when observed intent matched expected intent and reply passed safety check.
WA-0076,Medical report and threatening messages are available; need a safe protection route,en,legal_aid,domestic_violence,legal_rights,"Under Indian law, every accused person has the right to: 1) Know the charges against them, 2) Consult a lawyer before questioning, 3) A bail hearing within 24 hours of arrest, 4) Free legal aid if they cannot afford a lawyer (Legal Services Authority).",AutomatedAuditA,legal_aid,domestic_violence,yes,no,Automated conservative audit; needs human spot-check before claiming human validation.,AutomatedAuditB,legal_aid,domestic_violence,yes,no,Automated conservative audit; not an independent human review.,legal_aid,domestic_violence,no,Accepted only when observed intent matched expected intent and reply passed safety check.
WA-0077,meri behen ko ghar me violence face karna pad raha protection aur free lawyer chahiye,en,legal_aid,domestic_violence,domestic_violence,"This looks like a domestic violence safety issue. If there is immediate danger, contact emergency services or local police. Save medical records, photos, messages, and witness details. You can seek protection, residence, maintenance, and free legal aid through DLSA or a protection officer.",AutomatedAuditA,legal_aid,domestic_violence,yes,yes,Automated conservative audit; needs human spot-check before claiming human validation.,AutomatedAuditB,legal_aid,domestic_violence,yes,yes,Automated conservative audit; not an independent human review.,legal_aid,domestic_violence,yes,Accepted only when observed intent matched expected intent and reply passed safety check.
WA-0078,Medical report and threatening messages are available; need a safe protection route,en,legal_aid,domestic_violence,legal_rights,"Under Indian law, every accused person has the right to: 1) Know the charges against them, 2) Consult a lawyer before questioning, 3) A bail hearing within 24 hours of arrest, 4) Free legal aid if they cannot afford a lawyer (Legal Services Authority).",AutomatedAuditA,legal_aid,domestic_violence,yes,no,Automated conservative audit; needs human spot-check before claiming human validation.,AutomatedAuditB,legal_aid,domestic_violence,yes,no,Automated conservative audit; not an independent human review.,legal_aid,domestic_violence,no,Accepted only when observed intent matched expected intent and reply passed safety check.
WA-0079,meri behen ko ghar me violence face karna pad raha protection aur free lawyer chahiye,en,legal_aid,domestic_violence,domestic_violence,"This looks like a domestic violence safety issue. If there is immediate danger, contact emergency services or local police. Save medical records, photos, messages, and witness details. You can seek protection, residence, maintenance, and free legal aid through DLSA or a protection officer.",AutomatedAuditA,legal_aid,domestic_violence,yes,yes,Automated conservative audit; needs human spot-check before claiming human validation.,AutomatedAuditB,legal_aid,domestic_violence,yes,yes,Automated conservative audit; not an independent human review.,legal_aid,domestic_violence,yes,Accepted only when observed intent matched expected intent and reply passed safety check.
WA-0080,Medical report and threatening messages are available; need a safe protection route,en,legal_aid,domestic_violence,legal_rights,"Under Indian law, every accused person has the right to: 1) Know the charges against them, 2) Consult a lawyer before questioning, 3) A bail hearing within 24 hours of arrest, 4) Free legal aid if they cannot afford a lawyer (Legal Services Authority).",AutomatedAuditA,legal_aid,domestic_violence,yes,no,Automated conservative audit; needs human spot-check before claiming human validation.,AutomatedAuditB,legal_aid,domestic_violence,yes,no,Automated conservative audit; not an independent human review.,legal_aid,domestic_violence,no,Accepted only when observed intent matched expected intent and reply passed safety check.
WA-0081,police bol rahi incident dusre jurisdiction ka hai complaint register nahi karenge,ro,legal_aid,zero_fir,case_status,Please send the FIR [FIR] police station name to check case status.,AutomatedAuditA,legal_aid,zero_fir,yes,no,Automated conservative audit; needs human spot-check before claiming human validation.,AutomatedAuditB,legal_aid,zero_fir,yes,no,Automated conservative audit; not an independent human review.,legal_aid,zero_fir,no,Accepted only when observed intent matched expected intent and reply passed safety check.
WA-0082,Police refused FIR [FIR] written complaint and medical record,en,legal_aid,zero_fir,zero_fir,"This looks like a police refusal or Zero FIR [FIR]. If the incident happened outside the police station area, police can still register a Zero FIR [FIR] transfer it. Keep proof of refusal and escalate to senior police officers or a Magistrate/legal aid.",AutomatedAuditA,legal_aid,zero_fir,yes,yes,Automated conservative audit; needs human spot-check before claiming human validation.,AutomatedAuditB,legal_aid,zero_fir,yes,yes,Automated conservative audit; not an independent human review.,legal_aid,zero_fir,yes,Accepted only when observed intent matched expected intent and reply passed safety check.
WA-0083,police bol rahi incident dusre jurisdiction ka hai complaint register nahi karenge,ro,legal_aid,zero_fir,case_status,Please send the FIR [FIR] police station name to check case status.,AutomatedAuditA,legal_aid,zero_fir,yes,no,Automated conservative audit; needs human spot-check before claiming human validation.,AutomatedAuditB,legal_aid,zero_fir,yes,no,Automated conservative audit; not an independent human review.,legal_aid,zero_fir,no,Accepted only when observed intent matched expected intent and reply passed safety check.
WA-0084,Police refused FIR [FIR] written complaint and medical record,en,legal_aid,zero_fir,zero_fir,"This looks like a police refusal or Zero FIR [FIR]. If the incident happened outside the police station area, police can still register a Zero FIR [FIR] transfer it. Keep proof of refusal and escalate to senior police officers or a Magistrate/legal aid.",AutomatedAuditA,legal_aid,zero_fir,yes,yes,Automated conservative audit; needs human spot-check before claiming human validation.,AutomatedAuditB,legal_aid,zero_fir,yes,yes,Automated conservative audit; not an independent human review.,legal_aid,zero_fir,yes,Accepted only when observed intent matched expected intent and reply passed safety check.
WA-0085,police bol rahi incident dusre jurisdiction ka hai complaint register nahi karenge,ro,legal_aid,zero_fir,case_status,Please send the FIR [FIR] police station name to check case status.,AutomatedAuditA,legal_aid,zero_fir,yes,no,Automated conservative audit; needs human spot-check before claiming human validation.,AutomatedAuditB,legal_aid,zero_fir,yes,no,Automated conservative audit; not an independent human review.,legal_aid,zero_fir,no,Accepted only when observed intent matched expected intent and reply passed safety check.
WA-0086,Police refused FIR [FIR] written complaint and medical record,en,legal_aid,zero_fir,zero_fir,"This looks like a police refusal or Zero FIR [FIR]. If the incident happened outside the police station area, police can still register a Zero FIR [FIR] transfer it. Keep proof of refusal and escalate to senior police officers or a Magistrate/legal aid.",AutomatedAuditA,legal_aid,zero_fir,yes,yes,Automated conservative audit; needs human spot-check before claiming human validation.,AutomatedAuditB,legal_aid,zero_fir,yes,yes,Automated conservative audit; not an independent human review.,legal_aid,zero_fir,yes,Accepted only when observed intent matched expected intent and reply passed safety check.
WA-0087,police bol rahi incident dusre jurisdiction ka hai complaint register nahi karenge,ro,legal_aid,zero_fir,case_status,Please send the FIR [FIR] police station name to check case status.,AutomatedAuditA,legal_aid,zero_fir,yes,no,Automated conservative audit; needs human spot-check before claiming human validation.,AutomatedAuditB,legal_aid,zero_fir,yes,no,Automated conservative audit; not an independent human review.,legal_aid,zero_fir,no,Accepted only when observed intent matched expected intent and reply passed safety check.
WA-0088,Police refused FIR [FIR] written complaint and medical record,en,legal_aid,zero_fir,zero_fir,"This looks like a police refusal or Zero FIR [FIR]. If the incident happened outside the police station area, police can still register a Zero FIR [FIR] transfer it. Keep proof of refusal and escalate to senior police officers or a Magistrate/legal aid.",AutomatedAuditA,legal_aid,zero_fir,yes,yes,Automated conservative audit; needs human spot-check before claiming human validation.,AutomatedAuditB,legal_aid,zero_fir,yes,yes,Automated conservative audit; not an independent human review.,legal_aid,zero_fir,yes,Accepted only when observed intent matched expected intent and reply passed safety check.
WA-0089,police bol rahi incident dusre jurisdiction ka hai complaint register nahi karenge,ro,legal_aid,zero_fir,case_status,Please send the FIR [FIR] police station name to check case status.,AutomatedAuditA,legal_aid,zero_fir,yes,no,Automated conservative audit; needs human spot-check before claiming human validation.,AutomatedAuditB,legal_aid,zero_fir,yes,no,Automated conservative audit; not an independent human review.,legal_aid,zero_fir,no,Accepted only when observed intent matched expected intent and reply passed safety check.
WA-0090,Police refused FIR [FIR] written complaint and medical record,en,legal_aid,zero_fir,zero_fir,"This looks like a police refusal or Zero FIR [FIR]. If the incident happened outside the police station area, police can still register a Zero FIR [FIR] transfer it. Keep proof of refusal and escalate to senior police officers or a Magistrate/legal aid.",AutomatedAuditA,legal_aid,zero_fir,yes,yes,Automated conservative audit; needs human spot-check before claiming human validation.,AutomatedAuditB,legal_aid,zero_fir,yes,yes,Automated conservative audit; not an independent human review.,legal_aid,zero_fir,yes,Accepted only when observed intent matched expected intent and reply passed safety check.
WA-0091,police complaint par action taken report RTI se chahiye,en,legal_aid,rti_request,rti_request,"This looks like an RTI or public-records request. Identify the public authority, ask for specific records, dates, and file numbers, and keep the request narrow. If there is no reply within the legal timeline, you can file a FIR [FIR] appeal.",AutomatedAuditA,legal_aid,rti_request,yes,yes,Automated conservative audit; needs human spot-check before claiming human validation.,AutomatedAuditB,legal_aid,rti_request,yes,yes,Automated conservative audit; not an independent human review.,legal_aid,rti_request,yes,Accepted only when observed intent matched expected intent and reply passed safety check.
WA-0092,Need certified file movement records for a pension application,en,legal_aid,rti_request,rti_request,"This looks like an RTI or public-records request. Identify the public authority, ask for specific records, dates, and file numbers, and keep the request narrow. If there is no reply within the legal timeline, you can file a FIR [FIR] appeal.",AutomatedAuditA,legal_aid,rti_request,yes,yes,Automated conservative audit; needs human spot-check before claiming human validation.,AutomatedAuditB,legal_aid,rti_request,yes,yes,Automated conservative audit; not an independent human review.,legal_aid,rti_request,yes,Accepted only when observed intent matched expected intent and reply passed safety check.
WA-0093,police complaint par action taken report RTI se chahiye,en,legal_aid,rti_request,rti_request,"This looks like an RTI or public-records request. Identify the public authority, ask for specific records, dates, and file numbers, and keep the request narrow. If there is no reply within the legal timeline, you can file a FIR [FIR] appeal.",AutomatedAuditA,legal_aid,rti_request,yes,yes,Automated conservative audit; needs human spot-check before claiming human validation.,AutomatedAuditB,legal_aid,rti_request,yes,yes,Automated conservative audit; not an independent human review.,legal_aid,rti_request,yes,Accepted only when observed intent matched expected intent and reply passed safety check.
WA-0094,Need certified file movement records for a pension application,en,legal_aid,rti_request,rti_request,"This looks like an RTI or public-records request. Identify the public authority, ask for specific records, dates, and file numbers, and keep the request narrow. If there is no reply within the legal timeline, you can file a FIR [FIR] appeal.",AutomatedAuditA,legal_aid,rti_request,yes,yes,Automated conservative audit; needs human spot-check before claiming human validation.,AutomatedAuditB,legal_aid,rti_request,yes,yes,Automated conservative audit; not an independent human review.,legal_aid,rti_request,yes,Accepted only when observed intent matched expected intent and reply passed safety check.
WA-0095,police complaint par action taken report RTI se chahiye,en,legal_aid,rti_request,rti_request,"This looks like an RTI or public-records request. Identify the public authority, ask for specific records, dates, and file numbers, and keep the request narrow. If there is no reply within the legal timeline, you can file a FIR [FIR] appeal.",AutomatedAuditA,legal_aid,rti_request,yes,yes,Automated conservative audit; needs human spot-check before claiming human validation.,AutomatedAuditB,legal_aid,rti_request,yes,yes,Automated conservative audit; not an independent human review.,legal_aid,rti_request,yes,Accepted only when observed intent matched expected intent and reply passed safety check.
WA-0096,Need certified file movement records for a pension application,en,legal_aid,rti_request,rti_request,"This looks like an RTI or public-records request. Identify the public authority, ask for specific records, dates, and file numbers, and keep the request narrow. If there is no reply within the legal timeline, you can file a FIR [FIR] appeal.",AutomatedAuditA,legal_aid,rti_request,yes,yes,Automated conservative audit; needs human spot-check before claiming human validation.,AutomatedAuditB,legal_aid,rti_request,yes,yes,Automated conservative audit; not an independent human review.,legal_aid,rti_request,yes,Accepted only when observed intent matched expected intent and reply passed safety check.
WA-0097,police complaint par action taken report RTI se chahiye,en,legal_aid,rti_request,rti_request,"This looks like an RTI or public-records request. Identify the public authority, ask for specific records, dates, and file numbers, and keep the request narrow. If there is no reply within the legal timeline, you can file a FIR [FIR] appeal.",AutomatedAuditA,legal_aid,rti_request,yes,yes,Automated conservative audit; needs human spot-check before claiming human validation.,AutomatedAuditB,legal_aid,rti_request,yes,yes,Automated conservative audit; not an independent human review.,legal_aid,rti_request,yes,Accepted only when observed intent matched expected intent and reply passed safety check.
WA-0098,Need certified file movement records for a pension application,en,legal_aid,rti_request,rti_request,"This looks like an RTI or public-records request. Identify the public authority, ask for specific records, dates, and file numbers, and keep the request narrow. If there is no reply within the legal timeline, you can file a FIR [FIR] appeal.",AutomatedAuditA,legal_aid,rti_request,yes,yes,Automated conservative audit; needs human spot-check before claiming human validation.,AutomatedAuditB,legal_aid,rti_request,yes,yes,Automated conservative audit; not an independent human review.,legal_aid,rti_request,yes,Accepted only when observed intent matched expected intent and reply passed safety check.
WA-0099,police complaint par action taken report RTI se chahiye,en,legal_aid,rti_request,rti_request,"This looks like an RTI or public-records request. Identify the public authority, ask for specific records, dates, and file numbers, and keep the request narrow. If there is no reply within the legal timeline, you can file a FIR [FIR] appeal.",AutomatedAuditA,legal_aid,rti_request,yes,yes,Automated conservative audit; needs human spot-check before claiming human validation.,AutomatedAuditB,legal_aid,rti_request,yes,yes,Automated conservative audit; not an independent human review.,legal_aid,rti_request,yes,Accepted only when observed intent matched expected intent and reply passed safety check.
WA-0100,Need certified file movement records for a pension application,en,legal_aid,rti_request,rti_request,"This looks like an RTI or public-records request. Identify the public authority, ask for specific records, dates, and file numbers, and keep the request narrow. If there is no reply within the legal timeline, you can file a FIR [FIR] appeal.",AutomatedAuditA,legal_aid,rti_request,yes,yes,Automated conservative audit; needs human spot-check before claiming human validation.,AutomatedAuditB,legal_aid,rti_request,yes,yes,Automated conservative audit; not an independent human review.,legal_aid,rti_request,yes,Accepted only when observed intent matched expected intent and reply passed safety check.
WA-0101,scholarship ke liye income certificate application packet prepare karna hai,en,civicdocs,income_certificate,rti_request,"This looks like an RTI or public-records request. Identify the public authority, ask for specific records, dates, and file numbers, and keep the request narrow. If there is no reply within the legal timeline, you can file a FIR [FIR] appeal.",AutomatedAuditA,civicdocs,income_certificate,yes,no,Automated conservative audit; needs human spot-check before claiming human validation.,AutomatedAuditB,civicdocs,income_certificate,yes,no,Automated conservative audit; not an independent human review.,civicdocs,income_certificate,no,Accepted only when observed intent matched expected intent and reply passed safety check.
WA-0103,scholarship ke liye income certificate application packet prepare karna hai,en,civicdocs,income_certificate,rti_request,"This looks like an RTI or public-records request. Identify the public authority, ask for specific records, dates, and file numbers, and keep the request narrow. If there is no reply within the legal timeline, you can file a FIR [FIR] appeal.",AutomatedAuditA,civicdocs,income_certificate,yes,no,Automated conservative audit; needs human spot-check before claiming human validation.,AutomatedAuditB,civicdocs,income_certificate,yes,no,Automated conservative audit; not an independent human review.,civicdocs,income_certificate,no,Accepted only when observed intent matched expected intent and reply passed safety check.
WA-0105,scholarship ke liye income certificate application packet prepare karna hai,en,civicdocs,income_certificate,rti_request,"This looks like an RTI or public-records request. Identify the public authority, ask for specific records, dates, and file numbers, and keep the request narrow. If there is no reply within the legal timeline, you can file a FIR [FIR] appeal.",AutomatedAuditA,civicdocs,income_certificate,yes,no,Automated conservative audit; needs human spot-check before claiming human validation.,AutomatedAuditB,civicdocs,income_certificate,yes,no,Automated conservative audit; not an independent human review.,civicdocs,income_certificate,no,Accepted only when observed intent matched expected intent and reply passed safety check.
WA-0107,scholarship ke liye income certificate application packet prepare karna hai,en,civicdocs,income_certificate,rti_request,"This looks like an RTI or public-records request. Identify the public authority, ask for specific records, dates, and file numbers, and keep the request narrow. If there is no reply within the legal timeline, you can file a FIR [FIR] appeal.",AutomatedAuditA,civicdocs,income_certificate,yes,no,Automated conservative audit; needs human spot-check before claiming human validation.,AutomatedAuditB,civicdocs,income_certificate,yes,no,Automated conservative audit; not an independent human review.,civicdocs,income_certificate,no,Accepted only when observed intent matched expected intent and reply passed safety check.
WA-0109,scholarship ke liye income certificate application packet prepare karna hai,en,civicdocs,income_certificate,rti_request,"This looks like an RTI or public-records request. Identify the public authority, ask for specific records, dates, and file numbers, and keep the request narrow. If there is no reply within the legal timeline, you can file a FIR [FIR] appeal.",AutomatedAuditA,civicdocs,income_certificate,yes,no,Automated conservative audit; needs human spot-check before claiming human validation.,AutomatedAuditB,civicdocs,income_certificate,yes,no,Automated conservative audit; not an independent human review.,civicdocs,income_certificate,no,Accepted only when observed intent matched expected intent and reply passed safety check.
WA-0121,college admission ke liye domicile application chahiye rent agreement available hai,fr,civicdocs,domicile_certificate,tenant_housing,"This looks like a tenant or housing issue. Do not leave only on verbal pressure. Save rent receipts, agreement, notices, and messages. Ask for written notice and contact local legal aid or the rent authority/civil court process in your district.",AutomatedAuditA,civicdocs,domicile_certificate,yes,no,Automated conservative audit; needs human spot-check before claiming human validation.,AutomatedAuditB,civicdocs,domicile_certificate,yes,no,Automated conservative audit; not an independent human review.,civicdocs,domicile_certificate,no,Accepted only when observed intent matched expected intent and reply passed safety check.
WA-0122,Old address is on identity proof but current electricity bill has a new address,en,civicdocs,domicile_certificate,tenant_housing,"This looks like a tenant or housing issue. Do not leave only on verbal pressure. Save rent receipts, agreement, notices, and messages. Ask for written notice and contact local legal aid or the rent authority/civil court process in your district.",AutomatedAuditA,civicdocs,domicile_certificate,yes,no,Automated conservative audit; needs human spot-check before claiming human validation.,AutomatedAuditB,civicdocs,domicile_certificate,yes,no,Automated conservative audit; not an independent human review.,civicdocs,domicile_certificate,no,Accepted only when observed intent matched expected intent and reply passed safety check.
WA-0123,college admission ke liye domicile application chahiye rent agreement available hai,fr,civicdocs,domicile_certificate,tenant_housing,"This looks like a tenant or housing issue. Do not leave only on verbal pressure. Save rent receipts, agreement, notices, and messages. Ask for written notice and contact local legal aid or the rent authority/civil court process in your district.",AutomatedAuditA,civicdocs,domicile_certificate,yes,no,Automated conservative audit; needs human spot-check before claiming human validation.,AutomatedAuditB,civicdocs,domicile_certificate,yes,no,Automated conservative audit; not an independent human review.,civicdocs,domicile_certificate,no,Accepted only when observed intent matched expected intent and reply passed safety check.
WA-0124,Old address is on identity proof but current electricity bill has a new address,en,civicdocs,domicile_certificate,tenant_housing,"This looks like a tenant or housing issue. Do not leave only on verbal pressure. Save rent receipts, agreement, notices, and messages. Ask for written notice and contact local legal aid or the rent authority/civil court process in your district.",AutomatedAuditA,civicdocs,domicile_certificate,yes,no,Automated conservative audit; needs human spot-check before claiming human validation.,AutomatedAuditB,civicdocs,domicile_certificate,yes,no,Automated conservative audit; not an independent human review.,civicdocs,domicile_certificate,no,Accepted only when observed intent matched expected intent and reply passed safety check.
WA-0125,college admission ke liye domicile application chahiye rent agreement available hai,fr,civicdocs,domicile_certificate,tenant_housing,"This looks like a tenant or housing issue. Do not leave only on verbal pressure. Save rent receipts, agreement, notices, and messages. Ask for written notice and contact local legal aid or the rent authority/civil court process in your district.",AutomatedAuditA,civicdocs,domicile_certificate,yes,no,Automated conservative audit; needs human spot-check before claiming human validation.,AutomatedAuditB,civicdocs,domicile_certificate,yes,no,Automated conservative audit; not an independent human review.,civicdocs,domicile_certificate,no,Accepted only when observed intent matched expected intent and reply passed safety check.
WA-0126,Old address is on identity proof but current electricity bill has a new address,en,civicdocs,domicile_certificate,tenant_housing,"This looks like a tenant or housing issue. Do not leave only on verbal pressure. Save rent receipts, agreement, notices, and messages. Ask for written notice and contact local legal aid or the rent authority/civil court process in your district.",AutomatedAuditA,civicdocs,domicile_certificate,yes,no,Automated conservative audit; needs human spot-check before claiming human validation.,AutomatedAuditB,civicdocs,domicile_certificate,yes,no,Automated conservative audit; not an independent human review.,civicdocs,domicile_certificate,no,Accepted only when observed intent matched expected intent and reply passed safety check.
WA-0127,college admission ke liye domicile application chahiye rent agreement available hai,fr,civicdocs,domicile_certificate,tenant_housing,"This looks like a tenant or housing issue. Do not leave only on verbal pressure. Save rent receipts, agreement, notices, and messages. Ask for written notice and contact local legal aid or the rent authority/civil court process in your district.",AutomatedAuditA,civicdocs,domicile_certificate,yes,no,Automated conservative audit; needs human spot-check before claiming human validation.,AutomatedAuditB,civicdocs,domicile_certificate,yes,no,Automated conservative audit; not an independent human review.,civicdocs,domicile_certificate,no,Accepted only when observed intent matched expected intent and reply passed safety check.
WA-0128,Old address is on identity proof but current electricity bill has a new address,en,civicdocs,domicile_certificate,tenant_housing,"This looks like a tenant or housing issue. Do not leave only on verbal pressure. Save rent receipts, agreement, notices, and messages. Ask for written notice and contact local legal aid or the rent authority/civil court process in your district.",AutomatedAuditA,civicdocs,domicile_certificate,yes,no,Automated conservative audit; needs human spot-check before claiming human validation.,AutomatedAuditB,civicdocs,domicile_certificate,yes,no,Automated conservative audit; not an independent human review.,civicdocs,domicile_certificate,no,Accepted only when observed intent matched expected intent and reply passed safety check.
WA-0129,college admission ke liye domicile application chahiye rent agreement available hai,fr,civicdocs,domicile_certificate,tenant_housing,"This looks like a tenant or housing issue. Do not leave only on verbal pressure. Save rent receipts, agreement, notices, and messages. Ask for written notice and contact local legal aid or the rent authority/civil court process in your district.",AutomatedAuditA,civicdocs,domicile_certificate,yes,no,Automated conservative audit; needs human spot-check before claiming human validation.,AutomatedAuditB,civicdocs,domicile_certificate,yes,no,Automated conservative audit; not an independent human review.,civicdocs,domicile_certificate,no,Accepted only when observed intent matched expected intent and reply passed safety check.
WA-0130,Old address is on identity proof but current electricity bill has a new address,en,civicdocs,domicile_certificate,tenant_housing,"This looks like a tenant or housing issue. Do not leave only on verbal pressure. Save rent receipts, agreement, notices, and messages. Ask for written notice and contact local legal aid or the rent authority/civil court process in your district.",AutomatedAuditA,civicdocs,domicile_certificate,yes,no,Automated conservative audit; needs human spot-check before claiming human validation.,AutomatedAuditB,civicdocs,domicile_certificate,yes,no,Automated conservative audit; not an independent human review.,civicdocs,domicile_certificate,no,Accepted only when observed intent matched expected intent and reply passed safety check.
WA-0131,disability certificate 60 percent ka hai pension application documents check karo,it,civicdocs,disability_pension,disability_benefits,"This looks like a disability benefit or pension issue. Keep disability certificate, pension ID, bank passbook, rejection/stoppage notice, and prior applications. You can file an RTI, grievance, or appeal with legal aid support.",AutomatedAuditA,civicdocs,disability_pension,yes,no,Automated conservative audit; needs human spot-check before claiming human validation.,AutomatedAuditB,civicdocs,disability_pension,yes,no,Automated conservative audit; not an independent human review.,civicdocs,disability_pension,no,Accepted only when observed intent matched expected intent and reply passed safety check.
WA-0133,disability certificate 60 percent ka hai pension application documents check karo,it,civicdocs,disability_pension,disability_benefits,"This looks like a disability benefit or pension issue. Keep disability certificate, pension ID, bank passbook, rejection/stoppage notice, and prior applications. You can file an RTI, grievance, or appeal with legal aid support.",AutomatedAuditA,civicdocs,disability_pension,yes,no,Automated conservative audit; needs human spot-check before claiming human validation.,AutomatedAuditB,civicdocs,disability_pension,yes,no,Automated conservative audit; not an independent human review.,civicdocs,disability_pension,no,Accepted only when observed intent matched expected intent and reply passed safety check.
WA-0135,disability certificate 60 percent ka hai pension application documents check karo,it,civicdocs,disability_pension,disability_benefits,"This looks like a disability benefit or pension issue. Keep disability certificate, pension ID, bank passbook, rejection/stoppage notice, and prior applications. You can file an RTI, grievance, or appeal with legal aid support.",AutomatedAuditA,civicdocs,disability_pension,yes,no,Automated conservative audit; needs human spot-check before claiming human validation.,AutomatedAuditB,civicdocs,disability_pension,yes,no,Automated conservative audit; not an independent human review.,civicdocs,disability_pension,no,Accepted only when observed intent matched expected intent and reply passed safety check.
WA-0137,disability certificate 60 percent ka hai pension application documents check karo,it,civicdocs,disability_pension,disability_benefits,"This looks like a disability benefit or pension issue. Keep disability certificate, pension ID, bank passbook, rejection/stoppage notice, and prior applications. You can file an RTI, grievance, or appeal with legal aid support.",AutomatedAuditA,civicdocs,disability_pension,yes,no,Automated conservative audit; needs human spot-check before claiming human validation.,AutomatedAuditB,civicdocs,disability_pension,yes,no,Automated conservative audit; not an independent human review.,civicdocs,disability_pension,no,Accepted only when observed intent matched expected intent and reply passed safety check.
WA-0139,disability certificate 60 percent ka hai pension application documents check karo,it,civicdocs,disability_pension,disability_benefits,"This looks like a disability benefit or pension issue. Keep disability certificate, pension ID, bank passbook, rejection/stoppage notice, and prior applications. You can file an RTI, grievance, or appeal with legal aid support.",AutomatedAuditA,civicdocs,disability_pension,yes,no,Automated conservative audit; needs human spot-check before claiming human validation.,AutomatedAuditB,civicdocs,disability_pension,yes,no,Automated conservative audit; not an independent human review.,civicdocs,disability_pension,no,Accepted only when observed intent matched expected intent and reply passed safety check.
WA-0141,court notice mila lawyer afford nahi kar sakte DLSA application prepare karo,en,civicdocs,legal_aid_application,legal_notice,"This looks like a legal notice issue. Do not ignore it. Save the notice envelope, date of receipt, loan or contract papers, payment proof, and any earlier communication. A short written reply through an advocate or legal aid may be needed.",AutomatedAuditA,civicdocs,legal_aid_application,yes,no,Automated conservative audit; needs human spot-check before claiming human validation.,AutomatedAuditB,civicdocs,legal_aid_application,yes,no,Automated conservative audit; not an independent human review.,civicdocs,legal_aid_application,no,Accepted only when observed intent matched expected intent and reply passed safety check.
WA-0142,FIR [FIR] and income proof are available for free legal aid application,en,civicdocs,legal_aid_application,fir_copy,"This looks like a request for an FIR [FIR]. Ask the police station for the FIR [FIR] copy. If refused, note the officer name/date, approach senior police officers, use the state police portal where available, or seek help from legal aid.",AutomatedAuditA,civicdocs,legal_aid_application,yes,no,Automated conservative audit; needs human spot-check before claiming human validation.,AutomatedAuditB,civicdocs,legal_aid_application,yes,no,Automated conservative audit; not an independent human review.,civicdocs,legal_aid_application,no,Accepted only when observed intent matched expected intent and reply passed safety check.
WA-0143,court notice mila lawyer afford nahi kar sakte DLSA application prepare karo,en,civicdocs,legal_aid_application,legal_notice,"This looks like a legal notice issue. Do not ignore it. Save the notice envelope, date of receipt, loan or contract papers, payment proof, and any earlier communication. A short written reply through an advocate or legal aid may be needed.",AutomatedAuditA,civicdocs,legal_aid_application,yes,no,Automated conservative audit; needs human spot-check before claiming human validation.,AutomatedAuditB,civicdocs,legal_aid_application,yes,no,Automated conservative audit; not an independent human review.,civicdocs,legal_aid_application,no,Accepted only when observed intent matched expected intent and reply passed safety check.
WA-0144,FIR [FIR] and income proof are available for free legal aid application,en,civicdocs,legal_aid_application,fir_copy,"This looks like a request for an FIR [FIR]. Ask the police station for the FIR [FIR] copy. If refused, note the officer name/date, approach senior police officers, use the state police portal where available, or seek help from legal aid.",AutomatedAuditA,civicdocs,legal_aid_application,yes,no,Automated conservative audit; needs human spot-check before claiming human validation.,AutomatedAuditB,civicdocs,legal_aid_application,yes,no,Automated conservative audit; not an independent human review.,civicdocs,legal_aid_application,no,Accepted only when observed intent matched expected intent and reply passed safety check.
WA-0145,court notice mila lawyer afford nahi kar sakte DLSA application prepare karo,en,civicdocs,legal_aid_application,legal_notice,"This looks like a legal notice issue. Do not ignore it. Save the notice envelope, date of receipt, loan or contract papers, payment proof, and any earlier communication. A short written reply through an advocate or legal aid may be needed.",AutomatedAuditA,civicdocs,legal_aid_application,yes,no,Automated conservative audit; needs human spot-check before claiming human validation.,AutomatedAuditB,civicdocs,legal_aid_application,yes,no,Automated conservative audit; not an independent human review.,civicdocs,legal_aid_application,no,Accepted only when observed intent matched expected intent and reply passed safety check.
WA-0146,FIR [FIR] and income proof are available for free legal aid application,en,civicdocs,legal_aid_application,fir_copy,"This looks like a request for an FIR [FIR]. Ask the police station for the FIR [FIR] copy. If refused, note the officer name/date, approach senior police officers, use the state police portal where available, or seek help from legal aid.",AutomatedAuditA,civicdocs,legal_aid_application,yes,no,Automated conservative audit; needs human spot-check before claiming human validation.,AutomatedAuditB,civicdocs,legal_aid_application,yes,no,Automated conservative audit; not an independent human review.,civicdocs,legal_aid_application,no,Accepted only when observed intent matched expected intent and reply passed safety check.
WA-0147,court notice mila lawyer afford nahi kar sakte DLSA application prepare karo,en,civicdocs,legal_aid_application,legal_notice,"This looks like a legal notice issue. Do not ignore it. Save the notice envelope, date of receipt, loan or contract papers, payment proof, and any earlier communication. A short written reply through an advocate or legal aid may be needed.",AutomatedAuditA,civicdocs,legal_aid_application,yes,no,Automated conservative audit; needs human spot-check before claiming human validation.,AutomatedAuditB,civicdocs,legal_aid_application,yes,no,Automated conservative audit; not an independent human review.,civicdocs,legal_aid_application,no,Accepted only when observed intent matched expected intent and reply passed safety check.
WA-0148,FIR [FIR] and income proof are available for free legal aid application,en,civicdocs,legal_aid_application,fir_copy,"This looks like a request for an FIR [FIR]. Ask the police station for the FIR [FIR] copy. If refused, note the officer name/date, approach senior police officers, use the state police portal where available, or seek help from legal aid.",AutomatedAuditA,civicdocs,legal_aid_application,yes,no,Automated conservative audit; needs human spot-check before claiming human validation.,AutomatedAuditB,civicdocs,legal_aid_application,yes,no,Automated conservative audit; not an independent human review.,civicdocs,legal_aid_application,no,Accepted only when observed intent matched expected intent and reply passed safety check.
WA-0149,court notice mila lawyer afford nahi kar sakte DLSA application prepare karo,en,civicdocs,legal_aid_application,legal_notice,"This looks like a legal notice issue. Do not ignore it. Save the notice envelope, date of receipt, loan or contract papers, payment proof, and any earlier communication. A short written reply through an advocate or legal aid may be needed.",AutomatedAuditA,civicdocs,legal_aid_application,yes,no,Automated conservative audit; needs human spot-check before claiming human validation.,AutomatedAuditB,civicdocs,legal_aid_application,yes,no,Automated conservative audit; not an independent human review.,civicdocs,legal_aid_application,no,Accepted only when observed intent matched expected intent and reply passed safety check.
WA-0150,FIR [FIR] and income proof are available for free legal aid application,en,civicdocs,legal_aid_application,fir_copy,"This looks like a request for an FIR [FIR]. Ask the police station for the FIR [FIR] copy. If refused, note the officer name/date, approach senior police officers, use the state police portal where available, or seek help from legal aid.",AutomatedAuditA,civicdocs,legal_aid_application,yes,no,Automated conservative audit; needs human spot-check before claiming human validation.,AutomatedAuditB,civicdocs,legal_aid_application,yes,no,Automated conservative audit; not an independent human review.,civicdocs,legal_aid_application,no,Accepted only when observed intent matched expected intent and reply passed safety check.
