benchmark_id,source_sample_id,language,language_code,prompt,expected_module,expected_intent,expected_json,expected_missing_documents,safety_boundary,review_status,locked_for_training,max_train_token_jaccard
BENCH-0001,independent_benchmark_case,Hindi/Hinglish,hi,UPI se 18000 rupaye chale gaye transaction id hai ab turant kya karun. District: Pune. Case context legal_aid-1: the family wants a written checklist before visiting an office.,legal_aid,cyber_fraud,"{""module"": ""legal_aid"", ""intent"": ""cyber_fraud"", ""missing_documents"": [""transaction_id"", ""bank_complaint_acknowledgement""]}",transaction_id | bank_complaint_acknowledgement,"Human, lawyer, court, or authorised authority verification is required.",pending_two_reviewer_consensus,true,0.1579
BENCH-0002,independent_benchmark_case,Hindi/Hinglish,hi,company ne 3 mahine ki salary nahi di attendance proof mere paas hai. District: Lucknow. Case context legal_aid-2: the family wants a written checklist before visiting an office.,legal_aid,labour_dispute,"{""module"": ""legal_aid"", ""intent"": ""labour_dispute"", ""missing_documents"": [""salary_record"", ""employer_details""]}",salary_record | employer_details,"Human, lawyer, court, or authorised authority verification is required.",pending_two_reviewer_consensus,true,0.1765
BENCH-0003,independent_benchmark_case,English,hi,landlord bina written notice ghar khali karwa raha aur deposit nahi de raha. District: Chennai. Case context legal_aid-3: the family wants a written checklist before visiting an office.,legal_aid,tenant_housing,"{""module"": ""legal_aid"", ""intent"": ""tenant_housing"", ""missing_documents"": [""rent_payment_proof"", ""written_notice""]}",rent_payment_proof | written_notice,"Human, lawyer, court, or authorised authority verification is required.",pending_two_reviewer_consensus,true,0.1515
BENCH-0004,independent_benchmark_case,Hindi/Hinglish,hi,meri behen ko ghar me maar rahe hain protection aur free lawyer chahiye. District: Guwahati. Case context legal_aid-4: the family wants a written checklist before visiting an office.,legal_aid,domestic_violence,"{""module"": ""legal_aid"", ""intent"": ""domestic_violence"", ""missing_documents"": [""incident_timeline"", ""safety_contact""]}",incident_timeline | safety_contact,"Human, lawyer, court, or authorised authority verification is required.",pending_two_reviewer_consensus,true,0.1429
BENCH-0005,independent_benchmark_case,Hindi/Hinglish,hi,police complaint par kya action hua uski certified copy RTI se chahiye. District: Kolkata. Case context legal_aid-5: the family wants a written checklist before visiting an office.,legal_aid,rti_request,"{""module"": ""legal_aid"", ""intent"": ""rti_request"", ""missing_documents"": [""public_authority"", ""record_period""]}",public_authority | record_period,"Human, lawyer, court, or authorised authority verification is required.",pending_two_reviewer_consensus,true,0.1143
BENCH-0006,independent_benchmark_case,Hindi/Hinglish,hi,police bol rahi incident dusre area ka hai complaint nahi lenge. District: Pune. Case context legal_aid-6: the family wants a written checklist before visiting an office.,legal_aid,zero_fir,"{""module"": ""legal_aid"", ""intent"": ""zero_fir"", ""missing_documents"": [""written_complaint"", ""refusal_details""]}",written_complaint | refusal_details,"Human, lawyer, court, or authorised authority verification is required.",pending_two_reviewer_consensus,true,0.1176
BENCH-0007,independent_benchmark_case,English,en,FIR 6106 ki next hearing aur chargesheet status kaise pata chalega. District: Lucknow. Case context legal_aid-7: the family wants a written checklist before visiting an office.,legal_aid,case_status,"{""module"": ""legal_aid"", ""intent"": ""case_status"", ""missing_documents"": [""court_name"", ""case_number""]}",court_name | case_number,"Human, lawyer, court, or authorised authority verification is required.",pending_two_reviewer_consensus,true,0.1176
BENCH-0008,independent_benchmark_case,Hindi/Hinglish,hi,police ne arrest kiya grounds nahi bataye family ke rights kya hain. District: Chennai. Case context legal_aid-8: the family wants a written checklist before visiting an office.,legal_aid,legal_rights,"{""module"": ""legal_aid"", ""intent"": ""legal_rights"", ""missing_documents"": [""arrest_memo"", ""police_station""]}",arrest_memo | police_station,"Human, lawyer, court, or authorised authority verification is required.",pending_two_reviewer_consensus,true,0.1176
BENCH-0009,independent_benchmark_case,English,en,A fake job agency took my online payment and blocked me. District: Guwahati. Case context legal_aid-9: the family wants a written checklist before visiting an office.,legal_aid,cyber_fraud,"{""module"": ""legal_aid"", ""intent"": ""cyber_fraud"", ""missing_documents"": [""transaction_id"", ""bank_complaint_acknowledgement""]}",transaction_id | bank_complaint_acknowledgement,"Human, lawyer, court, or authorised authority verification is required.",pending_two_reviewer_consensus,true,0.1212
BENCH-0010,independent_benchmark_case,English,en,Contractor kept my wages and identity card after removing me from work. District: Kolkata. Case context legal_aid-10: the family wants a written checklist before visiting an office.,legal_aid,labour_dispute,"{""module"": ""legal_aid"", ""intent"": ""labour_dispute"", ""missing_documents"": [""salary_record"", ""employer_details""]}",salary_record | employer_details,"Human, lawyer, court, or authorised authority verification is required.",pending_two_reviewer_consensus,true,0.1282
BENCH-0011,independent_benchmark_case,English,en,Owner is threatening to cut electricity unless we leave today. District: Pune. Case context legal_aid-11: the family wants a written checklist before visiting an office.,legal_aid,tenant_housing,"{""module"": ""legal_aid"", ""intent"": ""tenant_housing"", ""missing_documents"": [""rent_payment_proof"", ""written_notice""]}",rent_payment_proof | written_notice,"Human, lawyer, court, or authorised authority verification is required.",pending_two_reviewer_consensus,true,0.1212
BENCH-0012,independent_benchmark_case,English,en,I was forced out of the shared home and need a safe legal route. District: Lucknow. Case context legal_aid-12: the family wants a written checklist before visiting an office.,legal_aid,domestic_violence,"{""module"": ""legal_aid"", ""intent"": ""domestic_violence"", ""missing_documents"": [""incident_timeline"", ""safety_contact""]}",incident_timeline | safety_contact,"Human, lawyer, court, or authorised authority verification is required.",pending_two_reviewer_consensus,true,0.1370
BENCH-0013,independent_benchmark_case,English,en,I need file movement records for my pension application. District: Chennai. Case context legal_aid-13: the family wants a written checklist before visiting an office.,legal_aid,rti_request,"{""module"": ""legal_aid"", ""intent"": ""rti_request"", ""missing_documents"": [""public_authority"", ""record_period""]}",public_authority | record_period,"Human, lawyer, court, or authorised authority verification is required.",pending_two_reviewer_consensus,true,0.1452
BENCH-0014,independent_benchmark_case,Hindi/Hinglish,hi,Thana FIR register nahi kar raha officer ka naam note kiya hai. District: Guwahati. Case context legal_aid-14: the family wants a written checklist before visiting an office.,legal_aid,zero_fir,"{""module"": ""legal_aid"", ""intent"": ""zero_fir"", ""missing_documents"": [""written_complaint"", ""refusal_details""]}",written_complaint | refusal_details,"Human, lawyer, court, or authorised authority verification is required.",pending_two_reviewer_consensus,true,0.1143
BENCH-0015,independent_benchmark_case,English,en,I only have the FIR number and police station; need case status. District: Kolkata. Case context legal_aid-15: the family wants a written checklist before visiting an office.,legal_aid,case_status,"{""module"": ""legal_aid"", ""intent"": ""case_status"", ""missing_documents"": [""court_name"", ""case_number""]}",court_name | case_number,"Human, lawyer, court, or authorised authority verification is required.",pending_two_reviewer_consensus,true,0.1304
BENCH-0016,independent_benchmark_case,English,en,Can an accused speak with a lawyer before questioning. District: Pune. Case context legal_aid-16: the family wants a written checklist before visiting an office.,legal_aid,legal_rights,"{""module"": ""legal_aid"", ""intent"": ""legal_rights"", ""missing_documents"": [""arrest_memo"", ""police_station""]}",arrest_memo | police_station,"Human, lawyer, court, or authorised authority verification is required.",pending_two_reviewer_consensus,true,0.1379
BENCH-0017,independent_benchmark_case,English,en,OTP batane ke baad bank se paisa debit ho gaya. District: Lucknow. Case context legal_aid-17: the family wants a written checklist before visiting an office.,legal_aid,cyber_fraud,"{""module"": ""legal_aid"", ""intent"": ""cyber_fraud"", ""missing_documents"": [""transaction_id"", ""bank_complaint_acknowledgement""]}",transaction_id | bank_complaint_acknowledgement,"Human, lawyer, court, or authorised authority verification is required.",pending_two_reviewer_consensus,true,0.1212
BENCH-0018,independent_benchmark_case,English,en,bina notice job se nikal diya aur final payment rok diya. District: Chennai. Case context legal_aid-18: the family wants a written checklist before visiting an office.,legal_aid,labour_dispute,"{""module"": ""legal_aid"", ""intent"": ""labour_dispute"", ""missing_documents"": [""salary_record"", ""employer_details""]}",salary_record | employer_details,"Human, lawyer, court, or authorised authority verification is required.",pending_two_reviewer_consensus,true,0.1212
BENCH-0019,independent_benchmark_case,Hindi/Hinglish,hi,rent bank se diya hai par agreement nahi bana deposit recover kaise ho. District: Guwahati. Case context legal_aid-19: the family wants a written checklist before visiting an office.,legal_aid,tenant_housing,"{""module"": ""legal_aid"", ""intent"": ""tenant_housing"", ""missing_documents"": [""rent_payment_proof"", ""written_notice""]}",rent_payment_proof | written_notice,"Human, lawyer, court, or authorised authority verification is required.",pending_two_reviewer_consensus,true,0.1111
BENCH-0020,independent_benchmark_case,Hindi/Hinglish,hi,WhatsApp threats aur medical report hai protection officer kaise milega. District: Kolkata. Case context legal_aid-20: the family wants a written checklist before visiting an office.,legal_aid,domestic_violence,"{""module"": ""legal_aid"", ""intent"": ""domestic_violence"", ""missing_documents"": [""incident_timeline"", ""safety_contact""]}",incident_timeline | safety_contact,"Human, lawyer, court, or authorised authority verification is required.",pending_two_reviewer_consensus,true,0.1212
BENCH-0021,independent_benchmark_case,Hindi/Hinglish,hi,government office ka order aur noting inspect karna hai. District: Pune. Case context legal_aid-21: the family wants a written checklist before visiting an office.,legal_aid,rti_request,"{""module"": ""legal_aid"", ""intent"": ""rti_request"", ""missing_documents"": [""public_authority"", ""record_period""]}",public_authority | record_period,"Human, lawyer, court, or authorised authority verification is required.",pending_two_reviewer_consensus,true,0.1290
BENCH-0022,independent_benchmark_case,English,en,Police asked us to settle despite injury records. District: Lucknow. Case context legal_aid-22: the family wants a written checklist before visiting an office.,legal_aid,zero_fir,"{""module"": ""legal_aid"", ""intent"": ""zero_fir"", ""missing_documents"": [""written_complaint"", ""refusal_details""]}",written_complaint | refusal_details,"Human, lawyer, court, or authorised authority verification is required.",pending_two_reviewer_consensus,true,0.1290
BENCH-0023,independent_benchmark_case,Hindi/Hinglish,hi,court ka naam nahi pata family case update dhund rahi hai. District: Chennai. Case context legal_aid-23: the family wants a written checklist before visiting an office.,legal_aid,case_status,"{""module"": ""legal_aid"", ""intent"": ""case_status"", ""missing_documents"": [""court_name"", ""case_number""]}",court_name | case_number,"Human, lawyer, court, or authorised authority verification is required.",pending_two_reviewer_consensus,true,0.1250
BENCH-0024,independent_benchmark_case,English,en,free legal aid aur 24 ghante me magistrate rule samjhao. District: Guwahati. Case context legal_aid-24: the family wants a written checklist before visiting an office.,legal_aid,legal_rights,"{""module"": ""legal_aid"", ""intent"": ""legal_rights"", ""missing_documents"": [""arrest_memo"", ""police_station""]}",arrest_memo | police_station,"Human, lawyer, court, or authorised authority verification is required.",pending_two_reviewer_consensus,true,0.1333
BENCH-0025,independent_benchmark_case,Hindi/Hinglish,hi,UPI se 18000 rupaye chale gaye transaction id hai ab turant kya karun. District: Kolkata. Case context legal_aid-25: the family wants a written checklist before visiting an office.,legal_aid,cyber_fraud,"{""module"": ""legal_aid"", ""intent"": ""cyber_fraud"", ""missing_documents"": [""transaction_id"", ""bank_complaint_acknowledgement""]}",transaction_id | bank_complaint_acknowledgement,"Human, lawyer, court, or authorised authority verification is required.",pending_two_reviewer_consensus,true,0.1282
BENCH-0026,independent_benchmark_case,Hindi/Hinglish,hi,company ne 3 mahine ki salary nahi di attendance proof mere paas hai. District: Pune. Case context legal_aid-26: the family wants a written checklist before visiting an office.,legal_aid,labour_dispute,"{""module"": ""legal_aid"", ""intent"": ""labour_dispute"", ""missing_documents"": [""salary_record"", ""employer_details""]}",salary_record | employer_details,"Human, lawyer, court, or authorised authority verification is required.",pending_two_reviewer_consensus,true,0.1429
BENCH-0027,independent_benchmark_case,English,hi,landlord bina written notice ghar khali karwa raha aur deposit nahi de raha. District: Lucknow. Case context legal_aid-27: the family wants a written checklist before visiting an office.,legal_aid,tenant_housing,"{""module"": ""legal_aid"", ""intent"": ""tenant_housing"", ""missing_documents"": [""rent_payment_proof"", ""written_notice""]}",rent_payment_proof | written_notice,"Human, lawyer, court, or authorised authority verification is required.",pending_two_reviewer_consensus,true,0.1176
BENCH-0028,independent_benchmark_case,Hindi/Hinglish,hi,meri behen ko ghar me maar rahe hain protection aur free lawyer chahiye. District: Chennai. Case context legal_aid-28: the family wants a written checklist before visiting an office.,legal_aid,domestic_violence,"{""module"": ""legal_aid"", ""intent"": ""domestic_violence"", ""missing_documents"": [""incident_timeline"", ""safety_contact""]}",incident_timeline | safety_contact,"Human, lawyer, court, or authorised authority verification is required.",pending_two_reviewer_consensus,true,0.1111
BENCH-0029,independent_benchmark_case,Hindi/Hinglish,hi,police complaint par kya action hua uski certified copy RTI se chahiye. District: Guwahati. Case context legal_aid-29: the family wants a written checklist before visiting an office.,legal_aid,rti_request,"{""module"": ""legal_aid"", ""intent"": ""rti_request"", ""missing_documents"": [""public_authority"", ""record_period""]}",public_authority | record_period,"Human, lawyer, court, or authorised authority verification is required.",pending_two_reviewer_consensus,true,0.1143
BENCH-0030,independent_benchmark_case,Hindi/Hinglish,hi,police bol rahi incident dusre area ka hai complaint nahi lenge. District: Kolkata. Case context legal_aid-30: the family wants a written checklist before visiting an office.,legal_aid,zero_fir,"{""module"": ""legal_aid"", ""intent"": ""zero_fir"", ""missing_documents"": [""written_complaint"", ""refusal_details""]}",written_complaint | refusal_details,"Human, lawyer, court, or authorised authority verification is required.",pending_two_reviewer_consensus,true,0.1176
BENCH-0031,independent_benchmark_case,English,en,FIR 6130 ki next hearing aur chargesheet status kaise pata chalega. District: Pune. Case context legal_aid-31: the family wants a written checklist before visiting an office.,legal_aid,case_status,"{""module"": ""legal_aid"", ""intent"": ""case_status"", ""missing_documents"": [""court_name"", ""case_number""]}",court_name | case_number,"Human, lawyer, court, or authorised authority verification is required.",pending_two_reviewer_consensus,true,0.1176
BENCH-0032,independent_benchmark_case,Hindi/Hinglish,hi,police ne arrest kiya grounds nahi bataye family ke rights kya hain. District: Lucknow. Case context legal_aid-32: the family wants a written checklist before visiting an office.,legal_aid,legal_rights,"{""module"": ""legal_aid"", ""intent"": ""legal_rights"", ""missing_documents"": [""arrest_memo"", ""police_station""]}",arrest_memo | police_station,"Human, lawyer, court, or authorised authority verification is required.",pending_two_reviewer_consensus,true,0.1176
BENCH-0033,independent_benchmark_case,English,en,A fake job agency took my online payment and blocked me. District: Chennai. Case context legal_aid-33: the family wants a written checklist before visiting an office.,legal_aid,cyber_fraud,"{""module"": ""legal_aid"", ""intent"": ""cyber_fraud"", ""missing_documents"": [""transaction_id"", ""bank_complaint_acknowledgement""]}",transaction_id | bank_complaint_acknowledgement,"Human, lawyer, court, or authorised authority verification is required.",pending_two_reviewer_consensus,true,0.1212
BENCH-0034,independent_benchmark_case,English,en,Contractor kept my wages and identity card after removing me from work. District: Guwahati. Case context legal_aid-34: the family wants a written checklist before visiting an office.,legal_aid,labour_dispute,"{""module"": ""legal_aid"", ""intent"": ""labour_dispute"", ""missing_documents"": [""salary_record"", ""employer_details""]}",salary_record | employer_details,"Human, lawyer, court, or authorised authority verification is required.",pending_two_reviewer_consensus,true,0.1282
BENCH-0035,independent_benchmark_case,English,en,Owner is threatening to cut electricity unless we leave today. District: Kolkata. Case context legal_aid-35: the family wants a written checklist before visiting an office.,legal_aid,tenant_housing,"{""module"": ""legal_aid"", ""intent"": ""tenant_housing"", ""missing_documents"": [""rent_payment_proof"", ""written_notice""]}",rent_payment_proof | written_notice,"Human, lawyer, court, or authorised authority verification is required.",pending_two_reviewer_consensus,true,0.1212
BENCH-0036,independent_benchmark_case,English,en,I was forced out of the shared home and need a safe legal route. District: Pune. Case context legal_aid-36: the family wants a written checklist before visiting an office.,legal_aid,domestic_violence,"{""module"": ""legal_aid"", ""intent"": ""domestic_violence"", ""missing_documents"": [""incident_timeline"", ""safety_contact""]}",incident_timeline | safety_contact,"Human, lawyer, court, or authorised authority verification is required.",pending_two_reviewer_consensus,true,0.1370
BENCH-0037,independent_benchmark_case,English,en,I need file movement records for my pension application. District: Lucknow. Case context legal_aid-37: the family wants a written checklist before visiting an office.,legal_aid,rti_request,"{""module"": ""legal_aid"", ""intent"": ""rti_request"", ""missing_documents"": [""public_authority"", ""record_period""]}",public_authority | record_period,"Human, lawyer, court, or authorised authority verification is required.",pending_two_reviewer_consensus,true,0.1452
BENCH-0038,independent_benchmark_case,Hindi/Hinglish,hi,Thana FIR register nahi kar raha officer ka naam note kiya hai. District: Chennai. Case context legal_aid-38: the family wants a written checklist before visiting an office.,legal_aid,zero_fir,"{""module"": ""legal_aid"", ""intent"": ""zero_fir"", ""missing_documents"": [""written_complaint"", ""refusal_details""]}",written_complaint | refusal_details,"Human, lawyer, court, or authorised authority verification is required.",pending_two_reviewer_consensus,true,0.1143
BENCH-0039,independent_benchmark_case,English,en,I only have the FIR number and police station; need case status. District: Guwahati. Case context legal_aid-39: the family wants a written checklist before visiting an office.,legal_aid,case_status,"{""module"": ""legal_aid"", ""intent"": ""case_status"", ""missing_documents"": [""court_name"", ""case_number""]}",court_name | case_number,"Human, lawyer, court, or authorised authority verification is required.",pending_two_reviewer_consensus,true,0.1304
BENCH-0040,independent_benchmark_case,English,en,Can an accused speak with a lawyer before questioning. District: Kolkata. Case context legal_aid-40: the family wants a written checklist before visiting an office.,legal_aid,legal_rights,"{""module"": ""legal_aid"", ""intent"": ""legal_rights"", ""missing_documents"": [""arrest_memo"", ""police_station""]}",arrest_memo | police_station,"Human, lawyer, court, or authorised authority verification is required.",pending_two_reviewer_consensus,true,0.1379
BENCH-0041,independent_benchmark_case,English,en,OTP batane ke baad bank se paisa debit ho gaya. District: Pune. Case context legal_aid-41: the family wants a written checklist before visiting an office.,legal_aid,cyber_fraud,"{""module"": ""legal_aid"", ""intent"": ""cyber_fraud"", ""missing_documents"": [""transaction_id"", ""bank_complaint_acknowledgement""]}",transaction_id | bank_complaint_acknowledgement,"Human, lawyer, court, or authorised authority verification is required.",pending_two_reviewer_consensus,true,0.1212
BENCH-0042,independent_benchmark_case,English,en,bina notice job se nikal diya aur final payment rok diya. District: Lucknow. Case context legal_aid-42: the family wants a written checklist before visiting an office.,legal_aid,labour_dispute,"{""module"": ""legal_aid"", ""intent"": ""labour_dispute"", ""missing_documents"": [""salary_record"", ""employer_details""]}",salary_record | employer_details,"Human, lawyer, court, or authorised authority verification is required.",pending_two_reviewer_consensus,true,0.1212
BENCH-0043,independent_benchmark_case,Hindi/Hinglish,hi,rent bank se diya hai par agreement nahi bana deposit recover kaise ho. District: Chennai. Case context legal_aid-43: the family wants a written checklist before visiting an office.,legal_aid,tenant_housing,"{""module"": ""legal_aid"", ""intent"": ""tenant_housing"", ""missing_documents"": [""rent_payment_proof"", ""written_notice""]}",rent_payment_proof | written_notice,"Human, lawyer, court, or authorised authority verification is required.",pending_two_reviewer_consensus,true,0.1111
BENCH-0044,independent_benchmark_case,Hindi/Hinglish,hi,WhatsApp threats aur medical report hai protection officer kaise milega. District: Guwahati. Case context legal_aid-44: the family wants a written checklist before visiting an office.,legal_aid,domestic_violence,"{""module"": ""legal_aid"", ""intent"": ""domestic_violence"", ""missing_documents"": [""incident_timeline"", ""safety_contact""]}",incident_timeline | safety_contact,"Human, lawyer, court, or authorised authority verification is required.",pending_two_reviewer_consensus,true,0.1212
BENCH-0045,independent_benchmark_case,Hindi/Hinglish,hi,government office ka order aur noting inspect karna hai. District: Kolkata. Case context legal_aid-45: the family wants a written checklist before visiting an office.,legal_aid,rti_request,"{""module"": ""legal_aid"", ""intent"": ""rti_request"", ""missing_documents"": [""public_authority"", ""record_period""]}",public_authority | record_period,"Human, lawyer, court, or authorised authority verification is required.",pending_two_reviewer_consensus,true,0.1290
BENCH-0046,independent_benchmark_case,English,en,Police asked us to settle despite injury records. District: Pune. Case context legal_aid-46: the family wants a written checklist before visiting an office.,legal_aid,zero_fir,"{""module"": ""legal_aid"", ""intent"": ""zero_fir"", ""missing_documents"": [""written_complaint"", ""refusal_details""]}",written_complaint | refusal_details,"Human, lawyer, court, or authorised authority verification is required.",pending_two_reviewer_consensus,true,0.1290
BENCH-0047,independent_benchmark_case,Hindi/Hinglish,hi,court ka naam nahi pata family case update dhund rahi hai. District: Lucknow. Case context legal_aid-47: the family wants a written checklist before visiting an office.,legal_aid,case_status,"{""module"": ""legal_aid"", ""intent"": ""case_status"", ""missing_documents"": [""court_name"", ""case_number""]}",court_name | case_number,"Human, lawyer, court, or authorised authority verification is required.",pending_two_reviewer_consensus,true,0.1250
BENCH-0048,independent_benchmark_case,English,en,free legal aid aur 24 ghante me magistrate rule samjhao. District: Chennai. Case context legal_aid-48: the family wants a written checklist before visiting an office.,legal_aid,legal_rights,"{""module"": ""legal_aid"", ""intent"": ""legal_rights"", ""missing_documents"": [""arrest_memo"", ""police_station""]}",arrest_memo | police_station,"Human, lawyer, court, or authorised authority verification is required.",pending_two_reviewer_consensus,true,0.1290
BENCH-0049,independent_benchmark_case,Hindi/Hinglish,hi,UPI se 18000 rupaye chale gaye transaction id hai ab turant kya karun. District: Guwahati. Case context legal_aid-49: the family wants a written checklist before visiting an office.,legal_aid,cyber_fraud,"{""module"": ""legal_aid"", ""intent"": ""cyber_fraud"", ""missing_documents"": [""transaction_id"", ""bank_complaint_acknowledgement""]}",transaction_id | bank_complaint_acknowledgement,"Human, lawyer, court, or authorised authority verification is required.",pending_two_reviewer_consensus,true,0.1282
BENCH-0050,independent_benchmark_case,Hindi/Hinglish,hi,company ne 3 mahine ki salary nahi di attendance proof mere paas hai. District: Kolkata. Case context legal_aid-50: the family wants a written checklist before visiting an office.,legal_aid,labour_dispute,"{""module"": ""legal_aid"", ""intent"": ""labour_dispute"", ""missing_documents"": [""salary_record"", ""employer_details""]}",salary_record | employer_details,"Human, lawyer, court, or authorised authority verification is required.",pending_two_reviewer_consensus,true,0.1429
BENCH-0051,independent_benchmark_case,English,hi,landlord bina written notice ghar khali karwa raha aur deposit nahi de raha. District: Pune. Case context legal_aid-51: the family wants a written checklist before visiting an office.,legal_aid,tenant_housing,"{""module"": ""legal_aid"", ""intent"": ""tenant_housing"", ""missing_documents"": [""rent_payment_proof"", ""written_notice""]}",rent_payment_proof | written_notice,"Human, lawyer, court, or authorised authority verification is required.",pending_two_reviewer_consensus,true,0.1176
BENCH-0052,independent_benchmark_case,Hindi/Hinglish,hi,meri behen ko ghar me maar rahe hain protection aur free lawyer chahiye. District: Lucknow. Case context legal_aid-52: the family wants a written checklist before visiting an office.,legal_aid,domestic_violence,"{""module"": ""legal_aid"", ""intent"": ""domestic_violence"", ""missing_documents"": [""incident_timeline"", ""safety_contact""]}",incident_timeline | safety_contact,"Human, lawyer, court, or authorised authority verification is required.",pending_two_reviewer_consensus,true,0.1111
BENCH-0053,independent_benchmark_case,Hindi/Hinglish,hi,police complaint par kya action hua uski certified copy RTI se chahiye. District: Chennai. Case context legal_aid-53: the family wants a written checklist before visiting an office.,legal_aid,rti_request,"{""module"": ""legal_aid"", ""intent"": ""rti_request"", ""missing_documents"": [""public_authority"", ""record_period""]}",public_authority | record_period,"Human, lawyer, court, or authorised authority verification is required.",pending_two_reviewer_consensus,true,0.1143
BENCH-0054,independent_benchmark_case,Hindi/Hinglish,hi,police bol rahi incident dusre area ka hai complaint nahi lenge. District: Guwahati. Case context legal_aid-54: the family wants a written checklist before visiting an office.,legal_aid,zero_fir,"{""module"": ""legal_aid"", ""intent"": ""zero_fir"", ""missing_documents"": [""written_complaint"", ""refusal_details""]}",written_complaint | refusal_details,"Human, lawyer, court, or authorised authority verification is required.",pending_two_reviewer_consensus,true,0.1176
BENCH-0055,independent_benchmark_case,English,en,FIR 6154 ki next hearing aur chargesheet status kaise pata chalega. District: Kolkata. Case context legal_aid-55: the family wants a written checklist before visiting an office.,legal_aid,case_status,"{""module"": ""legal_aid"", ""intent"": ""case_status"", ""missing_documents"": [""court_name"", ""case_number""]}",court_name | case_number,"Human, lawyer, court, or authorised authority verification is required.",pending_two_reviewer_consensus,true,0.1176
BENCH-0056,independent_benchmark_case,Hindi/Hinglish,hi,police ne arrest kiya grounds nahi bataye family ke rights kya hain. District: Pune. Case context legal_aid-56: the family wants a written checklist before visiting an office.,legal_aid,legal_rights,"{""module"": ""legal_aid"", ""intent"": ""legal_rights"", ""missing_documents"": [""arrest_memo"", ""police_station""]}",arrest_memo | police_station,"Human, lawyer, court, or authorised authority verification is required.",pending_two_reviewer_consensus,true,0.1176
BENCH-0057,independent_benchmark_case,English,en,A fake job agency took my online payment and blocked me. District: Lucknow. Case context legal_aid-57: the family wants a written checklist before visiting an office.,legal_aid,cyber_fraud,"{""module"": ""legal_aid"", ""intent"": ""cyber_fraud"", ""missing_documents"": [""transaction_id"", ""bank_complaint_acknowledgement""]}",transaction_id | bank_complaint_acknowledgement,"Human, lawyer, court, or authorised authority verification is required.",pending_two_reviewer_consensus,true,0.1212
BENCH-0058,independent_benchmark_case,English,en,Contractor kept my wages and identity card after removing me from work. District: Chennai. Case context legal_aid-58: the family wants a written checklist before visiting an office.,legal_aid,labour_dispute,"{""module"": ""legal_aid"", ""intent"": ""labour_dispute"", ""missing_documents"": [""salary_record"", ""employer_details""]}",salary_record | employer_details,"Human, lawyer, court, or authorised authority verification is required.",pending_two_reviewer_consensus,true,0.1282
BENCH-0059,independent_benchmark_case,English,en,Owner is threatening to cut electricity unless we leave today. District: Guwahati. Case context legal_aid-59: the family wants a written checklist before visiting an office.,legal_aid,tenant_housing,"{""module"": ""legal_aid"", ""intent"": ""tenant_housing"", ""missing_documents"": [""rent_payment_proof"", ""written_notice""]}",rent_payment_proof | written_notice,"Human, lawyer, court, or authorised authority verification is required.",pending_two_reviewer_consensus,true,0.1212
BENCH-0060,independent_benchmark_case,English,en,I was forced out of the shared home and need a safe legal route. District: Kolkata. Case context legal_aid-60: the family wants a written checklist before visiting an office.,legal_aid,domestic_violence,"{""module"": ""legal_aid"", ""intent"": ""domestic_violence"", ""missing_documents"": [""incident_timeline"", ""safety_contact""]}",incident_timeline | safety_contact,"Human, lawyer, court, or authorised authority verification is required.",pending_two_reviewer_consensus,true,0.1370
BENCH-0061,independent_benchmark_case,Hindi/Hinglish,hi,mera bhai section 302 FIR 6100 me 2 mahine se custody me hai bail milegi. District: Pune. Case context zamanatai-1: the family wants a written checklist before visiting an office.,zamanatai,bail_enquiry,"{""module"": ""zamanatai"", ""intent"": ""bail_enquiry"", ""missing_documents"": [""remand_order"", ""surety_details""]}",remand_order | surety_details,"Human, lawyer, court, or authorised authority verification is required.",pending_two_reviewer_consensus,true,0.1538
BENCH-0062,independent_benchmark_case,Hindi/Hinglish,hi,court ne surety manga property paper ka photo hai bond kaise banega. District: Lucknow. Case context zamanatai-2: the family wants a written checklist before visiting an office.,zamanatai,surety_bond,"{""module"": ""zamanatai"", ""intent"": ""surety_bond"", ""missing_documents"": [""court_bond_amount"", ""property_verification""]}",court_bond_amount | property_verification,"Human, lawyer, court, or authorised authority verification is required.",pending_two_reviewer_consensus,true,0.1277
BENCH-0063,independent_benchmark_case,Hindi/Hinglish,hi,Bail hearing next week hai FIR copy hai lekin remand order nahi. District: Chennai. Case context zamanatai-3: the family wants a written checklist before visiting an office.,zamanatai,bail_enquiry,"{""module"": ""zamanatai"", ""intent"": ""bail_enquiry"", ""missing_documents"": [""remand_order"", ""surety_details""]}",remand_order | surety_details,"Human, lawyer, court, or authorised authority verification is required.",pending_two_reviewer_consensus,true,0.1212
BENCH-0064,independent_benchmark_case,Hindi/Hinglish,hi,Surety person ka ID address aur occupation proof hai relationship proof missing hai. District: Guwahati. Case context zamanatai-4: the family wants a written checklist before visiting an office.,zamanatai,surety_bond,"{""module"": ""zamanatai"", ""intent"": ""surety_bond"", ""missing_documents"": [""court_bond_amount"", ""property_verification""]}",court_bond_amount | property_verification,"Human, lawyer, court, or authorised authority verification is required.",pending_two_reviewer_consensus,true,0.1212
BENCH-0065,independent_benchmark_case,English,en,Non bailable case me custody lambi ho gayi application kaunse court me lagegi. District: Kolkata. Case context zamanatai-5: the family wants a written checklist before visiting an office.,zamanatai,bail_enquiry,"{""module"": ""zamanatai"", ""intent"": ""bail_enquiry"", ""missing_documents"": [""remand_order"", ""surety_details""]}",remand_order | surety_details,"Human, lawyer, court, or authorised authority verification is required.",pending_two_reviewer_consensus,true,0.1064
BENCH-0066,independent_benchmark_case,Hindi/Hinglish,hi,Muchchalka ke liye owner name survey number aur bond amount verify karna hai. District: Pune. Case context zamanatai-6: the family wants a written checklist before visiting an office.,zamanatai,surety_bond,"{""module"": ""zamanatai"", ""intent"": ""surety_bond"", ""missing_documents"": [""court_bond_amount"", ""property_verification""]}",court_bond_amount | property_verification,"Human, lawyer, court, or authorised authority verification is required.",pending_two_reviewer_consensus,true,0.0870
BENCH-0067,independent_benchmark_case,Hindi/Hinglish,hi,mera bhai section 302 FIR 6106 me 2 mahine se custody me hai bail milegi. District: Lucknow. Case context zamanatai-7: the family wants a written checklist before visiting an office.,zamanatai,bail_enquiry,"{""module"": ""zamanatai"", ""intent"": ""bail_enquiry"", ""missing_documents"": [""remand_order"", ""surety_details""]}",remand_order | surety_details,"Human, lawyer, court, or authorised authority verification is required.",pending_two_reviewer_consensus,true,0.1515
BENCH-0068,independent_benchmark_case,Hindi/Hinglish,hi,court ne surety manga property paper ka photo hai bond kaise banega. District: Chennai. Case context zamanatai-8: the family wants a written checklist before visiting an office.,zamanatai,surety_bond,"{""module"": ""zamanatai"", ""intent"": ""surety_bond"", ""missing_documents"": [""court_bond_amount"", ""property_verification""]}",court_bond_amount | property_verification,"Human, lawyer, court, or authorised authority verification is required.",pending_two_reviewer_consensus,true,0.1277
BENCH-0069,independent_benchmark_case,Hindi/Hinglish,hi,Bail hearing next week hai FIR copy hai lekin remand order nahi. District: Guwahati. Case context zamanatai-9: the family wants a written checklist before visiting an office.,zamanatai,bail_enquiry,"{""module"": ""zamanatai"", ""intent"": ""bail_enquiry"", ""missing_documents"": [""remand_order"", ""surety_details""]}",remand_order | surety_details,"Human, lawyer, court, or authorised authority verification is required.",pending_two_reviewer_consensus,true,0.1064
BENCH-0070,independent_benchmark_case,Hindi/Hinglish,hi,Surety person ka ID address aur occupation proof hai relationship proof missing hai. District: Kolkata. Case context zamanatai-10: the family wants a written checklist before visiting an office.,zamanatai,surety_bond,"{""module"": ""zamanatai"", ""intent"": ""surety_bond"", ""missing_documents"": [""court_bond_amount"", ""property_verification""]}",court_bond_amount | property_verification,"Human, lawyer, court, or authorised authority verification is required.",pending_two_reviewer_consensus,true,0.1111
BENCH-0071,independent_benchmark_case,English,en,Non bailable case me custody lambi ho gayi application kaunse court me lagegi. District: Pune. Case context zamanatai-11: the family wants a written checklist before visiting an office.,zamanatai,bail_enquiry,"{""module"": ""zamanatai"", ""intent"": ""bail_enquiry"", ""missing_documents"": [""remand_order"", ""surety_details""]}",remand_order | surety_details,"Human, lawyer, court, or authorised authority verification is required.",pending_two_reviewer_consensus,true,0.1064
BENCH-0072,independent_benchmark_case,Hindi/Hinglish,hi,Muchchalka ke liye owner name survey number aur bond amount verify karna hai. District: Lucknow. Case context zamanatai-12: the family wants a written checklist before visiting an office.,zamanatai,surety_bond,"{""module"": ""zamanatai"", ""intent"": ""surety_bond"", ""missing_documents"": [""court_bond_amount"", ""property_verification""]}",court_bond_amount | property_verification,"Human, lawyer, court, or authorised authority verification is required.",pending_two_reviewer_consensus,true,0.0870
BENCH-0073,independent_benchmark_case,Hindi/Hinglish,hi,mera bhai section 302 FIR 6112 me 2 mahine se custody me hai bail milegi. District: Chennai. Case context zamanatai-13: the family wants a written checklist before visiting an office.,zamanatai,bail_enquiry,"{""module"": ""zamanatai"", ""intent"": ""bail_enquiry"", ""missing_documents"": [""remand_order"", ""surety_details""]}",remand_order | surety_details,"Human, lawyer, court, or authorised authority verification is required.",pending_two_reviewer_consensus,true,0.1515
BENCH-0074,independent_benchmark_case,Hindi/Hinglish,hi,court ne surety manga property paper ka photo hai bond kaise banega. District: Guwahati. Case context zamanatai-14: the family wants a written checklist before visiting an office.,zamanatai,surety_bond,"{""module"": ""zamanatai"", ""intent"": ""surety_bond"", ""missing_documents"": [""court_bond_amount"", ""property_verification""]}",court_bond_amount | property_verification,"Human, lawyer, court, or authorised authority verification is required.",pending_two_reviewer_consensus,true,0.1277
BENCH-0075,independent_benchmark_case,Hindi/Hinglish,hi,Bail hearing next week hai FIR copy hai lekin remand order nahi. District: Kolkata. Case context zamanatai-15: the family wants a written checklist before visiting an office.,zamanatai,bail_enquiry,"{""module"": ""zamanatai"", ""intent"": ""bail_enquiry"", ""missing_documents"": [""remand_order"", ""surety_details""]}",remand_order | surety_details,"Human, lawyer, court, or authorised authority verification is required.",pending_two_reviewer_consensus,true,0.1064
BENCH-0076,independent_benchmark_case,Hindi/Hinglish,hi,Surety person ka ID address aur occupation proof hai relationship proof missing hai. District: Pune. Case context zamanatai-16: the family wants a written checklist before visiting an office.,zamanatai,surety_bond,"{""module"": ""zamanatai"", ""intent"": ""surety_bond"", ""missing_documents"": [""court_bond_amount"", ""property_verification""]}",court_bond_amount | property_verification,"Human, lawyer, court, or authorised authority verification is required.",pending_two_reviewer_consensus,true,0.1111
BENCH-0077,independent_benchmark_case,English,en,Non bailable case me custody lambi ho gayi application kaunse court me lagegi. District: Lucknow. Case context zamanatai-17: the family wants a written checklist before visiting an office.,zamanatai,bail_enquiry,"{""module"": ""zamanatai"", ""intent"": ""bail_enquiry"", ""missing_documents"": [""remand_order"", ""surety_details""]}",remand_order | surety_details,"Human, lawyer, court, or authorised authority verification is required.",pending_two_reviewer_consensus,true,0.1064
BENCH-0078,independent_benchmark_case,Hindi/Hinglish,hi,Muchchalka ke liye owner name survey number aur bond amount verify karna hai. District: Chennai. Case context zamanatai-18: the family wants a written checklist before visiting an office.,zamanatai,surety_bond,"{""module"": ""zamanatai"", ""intent"": ""surety_bond"", ""missing_documents"": [""court_bond_amount"", ""property_verification""]}",court_bond_amount | property_verification,"Human, lawyer, court, or authorised authority verification is required.",pending_two_reviewer_consensus,true,0.0870
BENCH-0079,independent_benchmark_case,Hindi/Hinglish,hi,mera bhai section 302 FIR 6118 me 2 mahine se custody me hai bail milegi. District: Guwahati. Case context zamanatai-19: the family wants a written checklist before visiting an office.,zamanatai,bail_enquiry,"{""module"": ""zamanatai"", ""intent"": ""bail_enquiry"", ""missing_documents"": [""remand_order"", ""surety_details""]}",remand_order | surety_details,"Human, lawyer, court, or authorised authority verification is required.",pending_two_reviewer_consensus,true,0.1515
BENCH-0080,independent_benchmark_case,Hindi/Hinglish,hi,court ne surety manga property paper ka photo hai bond kaise banega. District: Kolkata. Case context zamanatai-20: the family wants a written checklist before visiting an office.,zamanatai,surety_bond,"{""module"": ""zamanatai"", ""intent"": ""surety_bond"", ""missing_documents"": [""court_bond_amount"", ""property_verification""]}",court_bond_amount | property_verification,"Human, lawyer, court, or authorised authority verification is required.",pending_two_reviewer_consensus,true,0.1277
BENCH-0081,independent_benchmark_case,Hindi/Hinglish,hi,Bail hearing next week hai FIR copy hai lekin remand order nahi. District: Pune. Case context zamanatai-21: the family wants a written checklist before visiting an office.,zamanatai,bail_enquiry,"{""module"": ""zamanatai"", ""intent"": ""bail_enquiry"", ""missing_documents"": [""remand_order"", ""surety_details""]}",remand_order | surety_details,"Human, lawyer, court, or authorised authority verification is required.",pending_two_reviewer_consensus,true,0.1064
BENCH-0082,independent_benchmark_case,Hindi/Hinglish,hi,Surety person ka ID address aur occupation proof hai relationship proof missing hai. District: Lucknow. Case context zamanatai-22: the family wants a written checklist before visiting an office.,zamanatai,surety_bond,"{""module"": ""zamanatai"", ""intent"": ""surety_bond"", ""missing_documents"": [""court_bond_amount"", ""property_verification""]}",court_bond_amount | property_verification,"Human, lawyer, court, or authorised authority verification is required.",pending_two_reviewer_consensus,true,0.1111
BENCH-0083,independent_benchmark_case,English,en,Non bailable case me custody lambi ho gayi application kaunse court me lagegi. District: Chennai. Case context zamanatai-23: the family wants a written checklist before visiting an office.,zamanatai,bail_enquiry,"{""module"": ""zamanatai"", ""intent"": ""bail_enquiry"", ""missing_documents"": [""remand_order"", ""surety_details""]}",remand_order | surety_details,"Human, lawyer, court, or authorised authority verification is required.",pending_two_reviewer_consensus,true,0.1064
BENCH-0084,independent_benchmark_case,Hindi/Hinglish,hi,Muchchalka ke liye owner name survey number aur bond amount verify karna hai. District: Guwahati. Case context zamanatai-24: the family wants a written checklist before visiting an office.,zamanatai,surety_bond,"{""module"": ""zamanatai"", ""intent"": ""surety_bond"", ""missing_documents"": [""court_bond_amount"", ""property_verification""]}",court_bond_amount | property_verification,"Human, lawyer, court, or authorised authority verification is required.",pending_two_reviewer_consensus,true,0.0870
BENCH-0085,independent_benchmark_case,Hindi/Hinglish,hi,mera bhai section 302 FIR 6124 me 2 mahine se custody me hai bail milegi. District: Kolkata. Case context zamanatai-25: the family wants a written checklist before visiting an office.,zamanatai,bail_enquiry,"{""module"": ""zamanatai"", ""intent"": ""bail_enquiry"", ""missing_documents"": [""remand_order"", ""surety_details""]}",remand_order | surety_details,"Human, lawyer, court, or authorised authority verification is required.",pending_two_reviewer_consensus,true,0.1515
BENCH-0086,independent_benchmark_case,Hindi/Hinglish,hi,court ne surety manga property paper ka photo hai bond kaise banega. District: Pune. Case context zamanatai-26: the family wants a written checklist before visiting an office.,zamanatai,surety_bond,"{""module"": ""zamanatai"", ""intent"": ""surety_bond"", ""missing_documents"": [""court_bond_amount"", ""property_verification""]}",court_bond_amount | property_verification,"Human, lawyer, court, or authorised authority verification is required.",pending_two_reviewer_consensus,true,0.1277
BENCH-0087,independent_benchmark_case,Hindi/Hinglish,hi,Bail hearing next week hai FIR copy hai lekin remand order nahi. District: Lucknow. Case context zamanatai-27: the family wants a written checklist before visiting an office.,zamanatai,bail_enquiry,"{""module"": ""zamanatai"", ""intent"": ""bail_enquiry"", ""missing_documents"": [""remand_order"", ""surety_details""]}",remand_order | surety_details,"Human, lawyer, court, or authorised authority verification is required.",pending_two_reviewer_consensus,true,0.1064
BENCH-0088,independent_benchmark_case,Hindi/Hinglish,hi,Surety person ka ID address aur occupation proof hai relationship proof missing hai. District: Chennai. Case context zamanatai-28: the family wants a written checklist before visiting an office.,zamanatai,surety_bond,"{""module"": ""zamanatai"", ""intent"": ""surety_bond"", ""missing_documents"": [""court_bond_amount"", ""property_verification""]}",court_bond_amount | property_verification,"Human, lawyer, court, or authorised authority verification is required.",pending_two_reviewer_consensus,true,0.1111
BENCH-0089,independent_benchmark_case,English,en,Non bailable case me custody lambi ho gayi application kaunse court me lagegi. District: Guwahati. Case context zamanatai-29: the family wants a written checklist before visiting an office.,zamanatai,bail_enquiry,"{""module"": ""zamanatai"", ""intent"": ""bail_enquiry"", ""missing_documents"": [""remand_order"", ""surety_details""]}",remand_order | surety_details,"Human, lawyer, court, or authorised authority verification is required.",pending_two_reviewer_consensus,true,0.1064
BENCH-0090,independent_benchmark_case,Hindi/Hinglish,hi,Muchchalka ke liye owner name survey number aur bond amount verify karna hai. District: Kolkata. Case context zamanatai-30: the family wants a written checklist before visiting an office.,zamanatai,surety_bond,"{""module"": ""zamanatai"", ""intent"": ""surety_bond"", ""missing_documents"": [""court_bond_amount"", ""property_verification""]}",court_bond_amount | property_verification,"Human, lawyer, court, or authorised authority verification is required.",pending_two_reviewer_consensus,true,0.0870
BENCH-0091,independent_benchmark_case,Hindi/Hinglish,hi,mera bhai section 302 FIR 6130 me 2 mahine se custody me hai bail milegi. District: Pune. Case context zamanatai-31: the family wants a written checklist before visiting an office.,zamanatai,bail_enquiry,"{""module"": ""zamanatai"", ""intent"": ""bail_enquiry"", ""missing_documents"": [""remand_order"", ""surety_details""]}",remand_order | surety_details,"Human, lawyer, court, or authorised authority verification is required.",pending_two_reviewer_consensus,true,0.1515
BENCH-0092,independent_benchmark_case,Hindi/Hinglish,hi,court ne surety manga property paper ka photo hai bond kaise banega. District: Lucknow. Case context zamanatai-32: the family wants a written checklist before visiting an office.,zamanatai,surety_bond,"{""module"": ""zamanatai"", ""intent"": ""surety_bond"", ""missing_documents"": [""court_bond_amount"", ""property_verification""]}",court_bond_amount | property_verification,"Human, lawyer, court, or authorised authority verification is required.",pending_two_reviewer_consensus,true,0.1277
BENCH-0093,independent_benchmark_case,Hindi/Hinglish,hi,Bail hearing next week hai FIR copy hai lekin remand order nahi. District: Chennai. Case context zamanatai-33: the family wants a written checklist before visiting an office.,zamanatai,bail_enquiry,"{""module"": ""zamanatai"", ""intent"": ""bail_enquiry"", ""missing_documents"": [""remand_order"", ""surety_details""]}",remand_order | surety_details,"Human, lawyer, court, or authorised authority verification is required.",pending_two_reviewer_consensus,true,0.1064
BENCH-0094,independent_benchmark_case,Hindi/Hinglish,hi,Surety person ka ID address aur occupation proof hai relationship proof missing hai. District: Guwahati. Case context zamanatai-34: the family wants a written checklist before visiting an office.,zamanatai,surety_bond,"{""module"": ""zamanatai"", ""intent"": ""surety_bond"", ""missing_documents"": [""court_bond_amount"", ""property_verification""]}",court_bond_amount | property_verification,"Human, lawyer, court, or authorised authority verification is required.",pending_two_reviewer_consensus,true,0.1111
BENCH-0095,independent_benchmark_case,English,en,Non bailable case me custody lambi ho gayi application kaunse court me lagegi. District: Kolkata. Case context zamanatai-35: the family wants a written checklist before visiting an office.,zamanatai,bail_enquiry,"{""module"": ""zamanatai"", ""intent"": ""bail_enquiry"", ""missing_documents"": [""remand_order"", ""surety_details""]}",remand_order | surety_details,"Human, lawyer, court, or authorised authority verification is required.",pending_two_reviewer_consensus,true,0.1064
BENCH-0096,independent_benchmark_case,Hindi/Hinglish,hi,Muchchalka ke liye owner name survey number aur bond amount verify karna hai. District: Pune. Case context zamanatai-36: the family wants a written checklist before visiting an office.,zamanatai,surety_bond,"{""module"": ""zamanatai"", ""intent"": ""surety_bond"", ""missing_documents"": [""court_bond_amount"", ""property_verification""]}",court_bond_amount | property_verification,"Human, lawyer, court, or authorised authority verification is required.",pending_two_reviewer_consensus,true,0.0870
BENCH-0097,independent_benchmark_case,Hindi/Hinglish,hi,mera bhai section 302 FIR 6136 me 2 mahine se custody me hai bail milegi. District: Lucknow. Case context zamanatai-37: the family wants a written checklist before visiting an office.,zamanatai,bail_enquiry,"{""module"": ""zamanatai"", ""intent"": ""bail_enquiry"", ""missing_documents"": [""remand_order"", ""surety_details""]}",remand_order | surety_details,"Human, lawyer, court, or authorised authority verification is required.",pending_two_reviewer_consensus,true,0.1515
BENCH-0098,independent_benchmark_case,Hindi/Hinglish,hi,court ne surety manga property paper ka photo hai bond kaise banega. District: Chennai. Case context zamanatai-38: the family wants a written checklist before visiting an office.,zamanatai,surety_bond,"{""module"": ""zamanatai"", ""intent"": ""surety_bond"", ""missing_documents"": [""court_bond_amount"", ""property_verification""]}",court_bond_amount | property_verification,"Human, lawyer, court, or authorised authority verification is required.",pending_two_reviewer_consensus,true,0.1277
BENCH-0099,independent_benchmark_case,Hindi/Hinglish,hi,Bail hearing next week hai FIR copy hai lekin remand order nahi. District: Guwahati. Case context zamanatai-39: the family wants a written checklist before visiting an office.,zamanatai,bail_enquiry,"{""module"": ""zamanatai"", ""intent"": ""bail_enquiry"", ""missing_documents"": [""remand_order"", ""surety_details""]}",remand_order | surety_details,"Human, lawyer, court, or authorised authority verification is required.",pending_two_reviewer_consensus,true,0.1064
BENCH-0100,independent_benchmark_case,Hindi/Hinglish,hi,Surety person ka ID address aur occupation proof hai relationship proof missing hai. District: Kolkata. Case context zamanatai-40: the family wants a written checklist before visiting an office.,zamanatai,surety_bond,"{""module"": ""zamanatai"", ""intent"": ""surety_bond"", ""missing_documents"": [""court_bond_amount"", ""property_verification""]}",court_bond_amount | property_verification,"Human, lawyer, court, or authorised authority verification is required.",pending_two_reviewer_consensus,true,0.1111
BENCH-0101,independent_benchmark_case,English,en,Non bailable case me custody lambi ho gayi application kaunse court me lagegi. District: Pune. Case context zamanatai-41: the family wants a written checklist before visiting an office.,zamanatai,bail_enquiry,"{""module"": ""zamanatai"", ""intent"": ""bail_enquiry"", ""missing_documents"": [""remand_order"", ""surety_details""]}",remand_order | surety_details,"Human, lawyer, court, or authorised authority verification is required.",pending_two_reviewer_consensus,true,0.1064
BENCH-0102,independent_benchmark_case,Hindi/Hinglish,hi,Muchchalka ke liye owner name survey number aur bond amount verify karna hai. District: Lucknow. Case context zamanatai-42: the family wants a written checklist before visiting an office.,zamanatai,surety_bond,"{""module"": ""zamanatai"", ""intent"": ""surety_bond"", ""missing_documents"": [""court_bond_amount"", ""property_verification""]}",court_bond_amount | property_verification,"Human, lawyer, court, or authorised authority verification is required.",pending_two_reviewer_consensus,true,0.0870
BENCH-0103,independent_benchmark_case,Hindi/Hinglish,hi,mera bhai section 302 FIR 6142 me 2 mahine se custody me hai bail milegi. District: Chennai. Case context zamanatai-43: the family wants a written checklist before visiting an office.,zamanatai,bail_enquiry,"{""module"": ""zamanatai"", ""intent"": ""bail_enquiry"", ""missing_documents"": [""remand_order"", ""surety_details""]}",remand_order | surety_details,"Human, lawyer, court, or authorised authority verification is required.",pending_two_reviewer_consensus,true,0.1515
BENCH-0104,independent_benchmark_case,Hindi/Hinglish,hi,court ne surety manga property paper ka photo hai bond kaise banega. District: Guwahati. Case context zamanatai-44: the family wants a written checklist before visiting an office.,zamanatai,surety_bond,"{""module"": ""zamanatai"", ""intent"": ""surety_bond"", ""missing_documents"": [""court_bond_amount"", ""property_verification""]}",court_bond_amount | property_verification,"Human, lawyer, court, or authorised authority verification is required.",pending_two_reviewer_consensus,true,0.1277
BENCH-0105,independent_benchmark_case,Hindi/Hinglish,hi,Bail hearing next week hai FIR copy hai lekin remand order nahi. District: Kolkata. Case context zamanatai-45: the family wants a written checklist before visiting an office.,zamanatai,bail_enquiry,"{""module"": ""zamanatai"", ""intent"": ""bail_enquiry"", ""missing_documents"": [""remand_order"", ""surety_details""]}",remand_order | surety_details,"Human, lawyer, court, or authorised authority verification is required.",pending_two_reviewer_consensus,true,0.1064
BENCH-0106,independent_benchmark_case,Hindi/Hinglish,hi,Surety person ka ID address aur occupation proof hai relationship proof missing hai. District: Pune. Case context zamanatai-46: the family wants a written checklist before visiting an office.,zamanatai,surety_bond,"{""module"": ""zamanatai"", ""intent"": ""surety_bond"", ""missing_documents"": [""court_bond_amount"", ""property_verification""]}",court_bond_amount | property_verification,"Human, lawyer, court, or authorised authority verification is required.",pending_two_reviewer_consensus,true,0.1111
BENCH-0107,independent_benchmark_case,English,en,Non bailable case me custody lambi ho gayi application kaunse court me lagegi. District: Lucknow. Case context zamanatai-47: the family wants a written checklist before visiting an office.,zamanatai,bail_enquiry,"{""module"": ""zamanatai"", ""intent"": ""bail_enquiry"", ""missing_documents"": [""remand_order"", ""surety_details""]}",remand_order | surety_details,"Human, lawyer, court, or authorised authority verification is required.",pending_two_reviewer_consensus,true,0.1064
BENCH-0108,independent_benchmark_case,Hindi/Hinglish,hi,Muchchalka ke liye owner name survey number aur bond amount verify karna hai. District: Chennai. Case context zamanatai-48: the family wants a written checklist before visiting an office.,zamanatai,surety_bond,"{""module"": ""zamanatai"", ""intent"": ""surety_bond"", ""missing_documents"": [""court_bond_amount"", ""property_verification""]}",court_bond_amount | property_verification,"Human, lawyer, court, or authorised authority verification is required.",pending_two_reviewer_consensus,true,0.0870
BENCH-0109,independent_benchmark_case,Hindi/Hinglish,hi,mera bhai section 302 FIR 6148 me 2 mahine se custody me hai bail milegi. District: Guwahati. Case context zamanatai-49: the family wants a written checklist before visiting an office.,zamanatai,bail_enquiry,"{""module"": ""zamanatai"", ""intent"": ""bail_enquiry"", ""missing_documents"": [""remand_order"", ""surety_details""]}",remand_order | surety_details,"Human, lawyer, court, or authorised authority verification is required.",pending_two_reviewer_consensus,true,0.1515
BENCH-0110,independent_benchmark_case,Hindi/Hinglish,hi,court ne surety manga property paper ka photo hai bond kaise banega. District: Kolkata. Case context zamanatai-50: the family wants a written checklist before visiting an office.,zamanatai,surety_bond,"{""module"": ""zamanatai"", ""intent"": ""surety_bond"", ""missing_documents"": [""court_bond_amount"", ""property_verification""]}",court_bond_amount | property_verification,"Human, lawyer, court, or authorised authority verification is required.",pending_two_reviewer_consensus,true,0.1277
BENCH-0111,independent_benchmark_case,Hindi/Hinglish,hi,Bail hearing next week hai FIR copy hai lekin remand order nahi. District: Pune. Case context zamanatai-51: the family wants a written checklist before visiting an office.,zamanatai,bail_enquiry,"{""module"": ""zamanatai"", ""intent"": ""bail_enquiry"", ""missing_documents"": [""remand_order"", ""surety_details""]}",remand_order | surety_details,"Human, lawyer, court, or authorised authority verification is required.",pending_two_reviewer_consensus,true,0.1064
BENCH-0112,independent_benchmark_case,Hindi/Hinglish,hi,Surety person ka ID address aur occupation proof hai relationship proof missing hai. District: Lucknow. Case context zamanatai-52: the family wants a written checklist before visiting an office.,zamanatai,surety_bond,"{""module"": ""zamanatai"", ""intent"": ""surety_bond"", ""missing_documents"": [""court_bond_amount"", ""property_verification""]}",court_bond_amount | property_verification,"Human, lawyer, court, or authorised authority verification is required.",pending_two_reviewer_consensus,true,0.1111
BENCH-0113,independent_benchmark_case,English,en,Non bailable case me custody lambi ho gayi application kaunse court me lagegi. District: Chennai. Case context zamanatai-53: the family wants a written checklist before visiting an office.,zamanatai,bail_enquiry,"{""module"": ""zamanatai"", ""intent"": ""bail_enquiry"", ""missing_documents"": [""remand_order"", ""surety_details""]}",remand_order | surety_details,"Human, lawyer, court, or authorised authority verification is required.",pending_two_reviewer_consensus,true,0.1064
BENCH-0114,independent_benchmark_case,Hindi/Hinglish,hi,Muchchalka ke liye owner name survey number aur bond amount verify karna hai. District: Guwahati. Case context zamanatai-54: the family wants a written checklist before visiting an office.,zamanatai,surety_bond,"{""module"": ""zamanatai"", ""intent"": ""surety_bond"", ""missing_documents"": [""court_bond_amount"", ""property_verification""]}",court_bond_amount | property_verification,"Human, lawyer, court, or authorised authority verification is required.",pending_two_reviewer_consensus,true,0.0870
BENCH-0115,independent_benchmark_case,Hindi/Hinglish,hi,mera bhai section 302 FIR 6154 me 2 mahine se custody me hai bail milegi. District: Kolkata. Case context zamanatai-55: the family wants a written checklist before visiting an office.,zamanatai,bail_enquiry,"{""module"": ""zamanatai"", ""intent"": ""bail_enquiry"", ""missing_documents"": [""remand_order"", ""surety_details""]}",remand_order | surety_details,"Human, lawyer, court, or authorised authority verification is required.",pending_two_reviewer_consensus,true,0.1515
BENCH-0116,independent_benchmark_case,Hindi/Hinglish,hi,court ne surety manga property paper ka photo hai bond kaise banega. District: Pune. Case context zamanatai-56: the family wants a written checklist before visiting an office.,zamanatai,surety_bond,"{""module"": ""zamanatai"", ""intent"": ""surety_bond"", ""missing_documents"": [""court_bond_amount"", ""property_verification""]}",court_bond_amount | property_verification,"Human, lawyer, court, or authorised authority verification is required.",pending_two_reviewer_consensus,true,0.1277
BENCH-0117,independent_benchmark_case,Hindi/Hinglish,hi,Bail hearing next week hai FIR copy hai lekin remand order nahi. District: Lucknow. Case context zamanatai-57: the family wants a written checklist before visiting an office.,zamanatai,bail_enquiry,"{""module"": ""zamanatai"", ""intent"": ""bail_enquiry"", ""missing_documents"": [""remand_order"", ""surety_details""]}",remand_order | surety_details,"Human, lawyer, court, or authorised authority verification is required.",pending_two_reviewer_consensus,true,0.1064
BENCH-0118,independent_benchmark_case,Hindi/Hinglish,hi,Surety person ka ID address aur occupation proof hai relationship proof missing hai. District: Chennai. Case context zamanatai-58: the family wants a written checklist before visiting an office.,zamanatai,surety_bond,"{""module"": ""zamanatai"", ""intent"": ""surety_bond"", ""missing_documents"": [""court_bond_amount"", ""property_verification""]}",court_bond_amount | property_verification,"Human, lawyer, court, or authorised authority verification is required.",pending_two_reviewer_consensus,true,0.1111
BENCH-0119,independent_benchmark_case,English,en,Non bailable case me custody lambi ho gayi application kaunse court me lagegi. District: Guwahati. Case context zamanatai-59: the family wants a written checklist before visiting an office.,zamanatai,bail_enquiry,"{""module"": ""zamanatai"", ""intent"": ""bail_enquiry"", ""missing_documents"": [""remand_order"", ""surety_details""]}",remand_order | surety_details,"Human, lawyer, court, or authorised authority verification is required.",pending_two_reviewer_consensus,true,0.1064
BENCH-0120,independent_benchmark_case,Hindi/Hinglish,hi,Muchchalka ke liye owner name survey number aur bond amount verify karna hai. District: Kolkata. Case context zamanatai-60: the family wants a written checklist before visiting an office.,zamanatai,surety_bond,"{""module"": ""zamanatai"", ""intent"": ""surety_bond"", ""missing_documents"": [""court_bond_amount"", ""property_verification""]}",court_bond_amount | property_verification,"Human, lawyer, court, or authorised authority verification is required.",pending_two_reviewer_consensus,true,0.0870
BENCH-0121,independent_benchmark_case,Hindi/Hinglish,hi,scholarship ke liye income certificate application banana hai salary slip aur ration card hai. District: Pune. Case context civicdocs-1: the family wants a written checklist before visiting an office.,civicdocs,income_certificate,"{""module"": ""civicdocs"", ""intent"": ""income_certificate"", ""missing_documents"": [""income_proof"", ""self_declaration""]}",income_proof | self_declaration,"Human, lawyer, court, or authorised authority verification is required.",pending_two_reviewer_consensus,true,0.1351
BENCH-0122,independent_benchmark_case,Hindi/Hinglish,hi,school record aur Aadhaar me surname alag hai caste application reject na ho. District: Lucknow. Case context civicdocs-2: the family wants a written checklist before visiting an office.,civicdocs,caste_certificate,"{""module"": ""civicdocs"", ""intent"": ""caste_certificate"", ""missing_documents"": [""family_caste_evidence"", ""relationship_proof""]}",family_caste_evidence | relationship_proof,"Human, lawyer, court, or authorised authority verification is required.",pending_two_reviewer_consensus,true,0.1299
BENCH-0123,independent_benchmark_case,Hindi/Hinglish,hi,residence certificate chahiye rent agreement aur electricity bill available hai. District: Chennai. Case context civicdocs-3: the family wants a written checklist before visiting an office.,civicdocs,domicile_certificate,"{""module"": ""civicdocs"", ""intent"": ""domicile_certificate"", ""missing_documents"": [""residence_history"", ""address_proof""]}",residence_history | address_proof,"Human, lawyer, court, or authorised authority verification is required.",pending_two_reviewer_consensus,true,0.1250
BENCH-0124,independent_benchmark_case,Hindi/Hinglish,hi,disability certificate 60 percent ka hai bank passbook ke saath pension apply karna hai. District: Guwahati. Case context civicdocs-4: the family wants a written checklist before visiting an office.,civicdocs,disability_pension,"{""module"": ""civicdocs"", ""intent"": ""disability_pension"", ""missing_documents"": [""disability_certificate"", ""bank_passbook""]}",disability_certificate | bank_passbook,"Human, lawyer, court, or authorised authority verification is required.",pending_two_reviewer_consensus,true,0.1333
BENCH-0125,independent_benchmark_case,Hindi/Hinglish,hi,court notice mila lawyer afford nahi kar sakte DLSA application chahiye. District: Kolkata. Case context civicdocs-5: the family wants a written checklist before visiting an office.,civicdocs,legal_aid_application,"{""module"": ""civicdocs"", ""intent"": ""legal_aid_application"", ""missing_documents"": [""case_document"", ""eligibility_proof""]}",case_document | eligibility_proof,"Human, lawyer, court, or authorised authority verification is required.",pending_two_reviewer_consensus,true,0.1064
BENCH-0126,independent_benchmark_case,Hindi/Hinglish,hi,Family income proof me amount alag hai application se pehle check karo. District: Pune. Case context civicdocs-6: the family wants a written checklist before visiting an office.,civicdocs,income_certificate,"{""module"": ""civicdocs"", ""intent"": ""income_certificate"", ""missing_documents"": [""income_proof"", ""self_declaration""]}",income_proof | self_declaration,"Human, lawyer, court, or authorised authority verification is required.",pending_two_reviewer_consensus,true,0.1111
BENCH-0127,independent_benchmark_case,Hindi/Hinglish,hi,Parent caste certificate hai lekin family relation proof missing hai. District: Lucknow. Case context civicdocs-7: the family wants a written checklist before visiting an office.,civicdocs,caste_certificate,"{""module"": ""civicdocs"", ""intent"": ""caste_certificate"", ""missing_documents"": [""family_caste_evidence"", ""relationship_proof""]}",family_caste_evidence | relationship_proof,"Human, lawyer, court, or authorised authority verification is required.",pending_two_reviewer_consensus,true,0.1389
BENCH-0128,independent_benchmark_case,Hindi/Hinglish,hi,Aadhaar old address ka hai domicile application me mismatch kaise solve ho. District: Chennai. Case context civicdocs-8: the family wants a written checklist before visiting an office.,civicdocs,domicile_certificate,"{""module"": ""civicdocs"", ""intent"": ""domicile_certificate"", ""missing_documents"": [""residence_history"", ""address_proof""]}",residence_history | address_proof,"Human, lawyer, court, or authorised authority verification is required.",pending_two_reviewer_consensus,true,0.1111
BENCH-0129,independent_benchmark_case,Hindi/Hinglish,hi,UDID card me name spelling Aadhaar se different hai. District: Guwahati. Case context civicdocs-9: the family wants a written checklist before visiting an office.,civicdocs,disability_pension,"{""module"": ""civicdocs"", ""intent"": ""disability_pension"", ""missing_documents"": [""disability_certificate"", ""bank_passbook""]}",disability_certificate | bank_passbook,"Human, lawyer, court, or authorised authority verification is required.",pending_two_reviewer_consensus,true,0.0938
BENCH-0130,independent_benchmark_case,Hindi/Hinglish,hi,domestic violence case ke liye free legal aid eligibility proof kya hoga. District: Kolkata. Case context civicdocs-10: the family wants a written checklist before visiting an office.,civicdocs,legal_aid_application,"{""module"": ""civicdocs"", ""intent"": ""legal_aid_application"", ""missing_documents"": [""case_document"", ""eligibility_proof""]}",case_document | eligibility_proof,"Human, lawyer, court, or authorised authority verification is required.",pending_two_reviewer_consensus,true,0.1212
BENCH-0131,independent_benchmark_case,English,en,Tehsildar income application ke mandatory documents batao. District: Pune. Case context civicdocs-11: the family wants a written checklist before visiting an office.,civicdocs,income_certificate,"{""module"": ""civicdocs"", ""intent"": ""income_certificate"", ""missing_documents"": [""income_proof"", ""self_declaration""]}",income_proof | self_declaration,"Human, lawyer, court, or authorised authority verification is required.",pending_two_reviewer_consensus,true,0.1176
BENCH-0132,independent_benchmark_case,Hindi/Hinglish,hi,OBC certificate application ke liye category evidence ka checklist chahiye. District: Lucknow. Case context civicdocs-12: the family wants a written checklist before visiting an office.,civicdocs,caste_certificate,"{""module"": ""civicdocs"", ""intent"": ""caste_certificate"", ""missing_documents"": [""family_caste_evidence"", ""relationship_proof""]}",family_caste_evidence | relationship_proof,"Human, lawyer, court, or authorised authority verification is required.",pending_two_reviewer_consensus,true,0.1143
BENCH-0133,independent_benchmark_case,English,en,College admission ke liye domicile packet prepare karo. District: Chennai. Case context civicdocs-13: the family wants a written checklist before visiting an office.,civicdocs,domicile_certificate,"{""module"": ""civicdocs"", ""intent"": ""domicile_certificate"", ""missing_documents"": [""residence_history"", ""address_proof""]}",residence_history | address_proof,"Human, lawyer, court, or authorised authority verification is required.",pending_two_reviewer_consensus,true,0.0968
BENCH-0134,independent_benchmark_case,English,en,Social welfare disability benefit ke missing documents check karo. District: Guwahati. Case context civicdocs-14: the family wants a written checklist before visiting an office.,civicdocs,disability_pension,"{""module"": ""civicdocs"", ""intent"": ""disability_pension"", ""missing_documents"": [""disability_certificate"", ""bank_passbook""]}",disability_certificate | bank_passbook,"Human, lawyer, court, or authorised authority verification is required.",pending_two_reviewer_consensus,true,0.1111
BENCH-0135,independent_benchmark_case,Hindi/Hinglish,hi,FIR copy aur income certificate hai legal services authority packet banao. District: Kolkata. Case context civicdocs-15: the family wants a written checklist before visiting an office.,civicdocs,legal_aid_application,"{""module"": ""civicdocs"", ""intent"": ""legal_aid_application"", ""missing_documents"": [""case_document"", ""eligibility_proof""]}",case_document | eligibility_proof,"Human, lawyer, court, or authorised authority verification is required.",pending_two_reviewer_consensus,true,0.1935
BENCH-0136,independent_benchmark_case,Hindi/Hinglish,hi,scholarship ke liye income certificate application banana hai salary slip aur ration card hai. District: Pune. Case context civicdocs-16: the family wants a written checklist before visiting an office.,civicdocs,income_certificate,"{""module"": ""civicdocs"", ""intent"": ""income_certificate"", ""missing_documents"": [""income_proof"", ""self_declaration""]}",income_proof | self_declaration,"Human, lawyer, court, or authorised authority verification is required.",pending_two_reviewer_consensus,true,0.1351
BENCH-0137,independent_benchmark_case,Hindi/Hinglish,hi,school record aur Aadhaar me surname alag hai caste application reject na ho. District: Lucknow. Case context civicdocs-17: the family wants a written checklist before visiting an office.,civicdocs,caste_certificate,"{""module"": ""civicdocs"", ""intent"": ""caste_certificate"", ""missing_documents"": [""family_caste_evidence"", ""relationship_proof""]}",family_caste_evidence | relationship_proof,"Human, lawyer, court, or authorised authority verification is required.",pending_two_reviewer_consensus,true,0.1299
BENCH-0138,independent_benchmark_case,Hindi/Hinglish,hi,residence certificate chahiye rent agreement aur electricity bill available hai. District: Chennai. Case context civicdocs-18: the family wants a written checklist before visiting an office.,civicdocs,domicile_certificate,"{""module"": ""civicdocs"", ""intent"": ""domicile_certificate"", ""missing_documents"": [""residence_history"", ""address_proof""]}",residence_history | address_proof,"Human, lawyer, court, or authorised authority verification is required.",pending_two_reviewer_consensus,true,0.1127
BENCH-0139,independent_benchmark_case,Hindi/Hinglish,hi,disability certificate 60 percent ka hai bank passbook ke saath pension apply karna hai. District: Guwahati. Case context civicdocs-19: the family wants a written checklist before visiting an office.,civicdocs,disability_pension,"{""module"": ""civicdocs"", ""intent"": ""disability_pension"", ""missing_documents"": [""disability_certificate"", ""bank_passbook""]}",disability_certificate | bank_passbook,"Human, lawyer, court, or authorised authority verification is required.",pending_two_reviewer_consensus,true,0.1333
BENCH-0140,independent_benchmark_case,Hindi/Hinglish,hi,court notice mila lawyer afford nahi kar sakte DLSA application chahiye. District: Kolkata. Case context civicdocs-20: the family wants a written checklist before visiting an office.,civicdocs,legal_aid_application,"{""module"": ""civicdocs"", ""intent"": ""legal_aid_application"", ""missing_documents"": [""case_document"", ""eligibility_proof""]}",case_document | eligibility_proof,"Human, lawyer, court, or authorised authority verification is required.",pending_two_reviewer_consensus,true,0.1064
BENCH-0141,independent_benchmark_case,Hindi/Hinglish,hi,Family income proof me amount alag hai application se pehle check karo. District: Pune. Case context civicdocs-21: the family wants a written checklist before visiting an office.,civicdocs,income_certificate,"{""module"": ""civicdocs"", ""intent"": ""income_certificate"", ""missing_documents"": [""income_proof"", ""self_declaration""]}",income_proof | self_declaration,"Human, lawyer, court, or authorised authority verification is required.",pending_two_reviewer_consensus,true,0.1111
BENCH-0142,independent_benchmark_case,Hindi/Hinglish,hi,Parent caste certificate hai lekin family relation proof missing hai. District: Lucknow. Case context civicdocs-22: the family wants a written checklist before visiting an office.,civicdocs,caste_certificate,"{""module"": ""civicdocs"", ""intent"": ""caste_certificate"", ""missing_documents"": [""family_caste_evidence"", ""relationship_proof""]}",family_caste_evidence | relationship_proof,"Human, lawyer, court, or authorised authority verification is required.",pending_two_reviewer_consensus,true,0.1389
BENCH-0143,independent_benchmark_case,Hindi/Hinglish,hi,Aadhaar old address ka hai domicile application me mismatch kaise solve ho. District: Chennai. Case context civicdocs-23: the family wants a written checklist before visiting an office.,civicdocs,domicile_certificate,"{""module"": ""civicdocs"", ""intent"": ""domicile_certificate"", ""missing_documents"": [""residence_history"", ""address_proof""]}",residence_history | address_proof,"Human, lawyer, court, or authorised authority verification is required.",pending_two_reviewer_consensus,true,0.1111
BENCH-0144,independent_benchmark_case,Hindi/Hinglish,hi,UDID card me name spelling Aadhaar se different hai. District: Guwahati. Case context civicdocs-24: the family wants a written checklist before visiting an office.,civicdocs,disability_pension,"{""module"": ""civicdocs"", ""intent"": ""disability_pension"", ""missing_documents"": [""disability_certificate"", ""bank_passbook""]}",disability_certificate | bank_passbook,"Human, lawyer, court, or authorised authority verification is required.",pending_two_reviewer_consensus,true,0.0938
BENCH-0145,independent_benchmark_case,Hindi/Hinglish,hi,domestic violence case ke liye free legal aid eligibility proof kya hoga. District: Kolkata. Case context civicdocs-25: the family wants a written checklist before visiting an office.,civicdocs,legal_aid_application,"{""module"": ""civicdocs"", ""intent"": ""legal_aid_application"", ""missing_documents"": [""case_document"", ""eligibility_proof""]}",case_document | eligibility_proof,"Human, lawyer, court, or authorised authority verification is required.",pending_two_reviewer_consensus,true,0.1212
BENCH-0146,independent_benchmark_case,English,en,Tehsildar income application ke mandatory documents batao. District: Pune. Case context civicdocs-26: the family wants a written checklist before visiting an office.,civicdocs,income_certificate,"{""module"": ""civicdocs"", ""intent"": ""income_certificate"", ""missing_documents"": [""income_proof"", ""self_declaration""]}",income_proof | self_declaration,"Human, lawyer, court, or authorised authority verification is required.",pending_two_reviewer_consensus,true,0.1176
BENCH-0147,independent_benchmark_case,Hindi/Hinglish,hi,OBC certificate application ke liye category evidence ka checklist chahiye. District: Lucknow. Case context civicdocs-27: the family wants a written checklist before visiting an office.,civicdocs,caste_certificate,"{""module"": ""civicdocs"", ""intent"": ""caste_certificate"", ""missing_documents"": [""family_caste_evidence"", ""relationship_proof""]}",family_caste_evidence | relationship_proof,"Human, lawyer, court, or authorised authority verification is required.",pending_two_reviewer_consensus,true,0.1143
BENCH-0148,independent_benchmark_case,English,en,College admission ke liye domicile packet prepare karo. District: Chennai. Case context civicdocs-28: the family wants a written checklist before visiting an office.,civicdocs,domicile_certificate,"{""module"": ""civicdocs"", ""intent"": ""domicile_certificate"", ""missing_documents"": [""residence_history"", ""address_proof""]}",residence_history | address_proof,"Human, lawyer, court, or authorised authority verification is required.",pending_two_reviewer_consensus,true,0.0968
BENCH-0149,independent_benchmark_case,English,en,Social welfare disability benefit ke missing documents check karo. District: Guwahati. Case context civicdocs-29: the family wants a written checklist before visiting an office.,civicdocs,disability_pension,"{""module"": ""civicdocs"", ""intent"": ""disability_pension"", ""missing_documents"": [""disability_certificate"", ""bank_passbook""]}",disability_certificate | bank_passbook,"Human, lawyer, court, or authorised authority verification is required.",pending_two_reviewer_consensus,true,0.1111
BENCH-0150,independent_benchmark_case,Hindi/Hinglish,hi,FIR copy aur income certificate hai legal services authority packet banao. District: Kolkata. Case context civicdocs-30: the family wants a written checklist before visiting an office.,civicdocs,legal_aid_application,"{""module"": ""civicdocs"", ""intent"": ""legal_aid_application"", ""missing_documents"": [""case_document"", ""eligibility_proof""]}",case_document | eligibility_proof,"Human, lawyer, court, or authorised authority verification is required.",pending_two_reviewer_consensus,true,0.1935
BENCH-0151,independent_benchmark_case,Hindi/Hinglish,hi,scholarship ke liye income certificate application banana hai salary slip aur ration card hai. District: Pune. Case context civicdocs-31: the family wants a written checklist before visiting an office.,civicdocs,income_certificate,"{""module"": ""civicdocs"", ""intent"": ""income_certificate"", ""missing_documents"": [""income_proof"", ""self_declaration""]}",income_proof | self_declaration,"Human, lawyer, court, or authorised authority verification is required.",pending_two_reviewer_consensus,true,0.1351
BENCH-0152,independent_benchmark_case,Hindi/Hinglish,hi,school record aur Aadhaar me surname alag hai caste application reject na ho. District: Lucknow. Case context civicdocs-32: the family wants a written checklist before visiting an office.,civicdocs,caste_certificate,"{""module"": ""civicdocs"", ""intent"": ""caste_certificate"", ""missing_documents"": [""family_caste_evidence"", ""relationship_proof""]}",family_caste_evidence | relationship_proof,"Human, lawyer, court, or authorised authority verification is required.",pending_two_reviewer_consensus,true,0.1299
BENCH-0153,independent_benchmark_case,Hindi/Hinglish,hi,residence certificate chahiye rent agreement aur electricity bill available hai. District: Chennai. Case context civicdocs-33: the family wants a written checklist before visiting an office.,civicdocs,domicile_certificate,"{""module"": ""civicdocs"", ""intent"": ""domicile_certificate"", ""missing_documents"": [""residence_history"", ""address_proof""]}",residence_history | address_proof,"Human, lawyer, court, or authorised authority verification is required.",pending_two_reviewer_consensus,true,0.1127
BENCH-0154,independent_benchmark_case,Hindi/Hinglish,hi,disability certificate 60 percent ka hai bank passbook ke saath pension apply karna hai. District: Guwahati. Case context civicdocs-34: the family wants a written checklist before visiting an office.,civicdocs,disability_pension,"{""module"": ""civicdocs"", ""intent"": ""disability_pension"", ""missing_documents"": [""disability_certificate"", ""bank_passbook""]}",disability_certificate | bank_passbook,"Human, lawyer, court, or authorised authority verification is required.",pending_two_reviewer_consensus,true,0.1333
BENCH-0155,independent_benchmark_case,Hindi/Hinglish,hi,court notice mila lawyer afford nahi kar sakte DLSA application chahiye. District: Kolkata. Case context civicdocs-35: the family wants a written checklist before visiting an office.,civicdocs,legal_aid_application,"{""module"": ""civicdocs"", ""intent"": ""legal_aid_application"", ""missing_documents"": [""case_document"", ""eligibility_proof""]}",case_document | eligibility_proof,"Human, lawyer, court, or authorised authority verification is required.",pending_two_reviewer_consensus,true,0.1064
BENCH-0156,independent_benchmark_case,Hindi/Hinglish,hi,Family income proof me amount alag hai application se pehle check karo. District: Pune. Case context civicdocs-36: the family wants a written checklist before visiting an office.,civicdocs,income_certificate,"{""module"": ""civicdocs"", ""intent"": ""income_certificate"", ""missing_documents"": [""income_proof"", ""self_declaration""]}",income_proof | self_declaration,"Human, lawyer, court, or authorised authority verification is required.",pending_two_reviewer_consensus,true,0.1111
BENCH-0157,independent_benchmark_case,Hindi/Hinglish,hi,Parent caste certificate hai lekin family relation proof missing hai. District: Lucknow. Case context civicdocs-37: the family wants a written checklist before visiting an office.,civicdocs,caste_certificate,"{""module"": ""civicdocs"", ""intent"": ""caste_certificate"", ""missing_documents"": [""family_caste_evidence"", ""relationship_proof""]}",family_caste_evidence | relationship_proof,"Human, lawyer, court, or authorised authority verification is required.",pending_two_reviewer_consensus,true,0.1389
BENCH-0158,independent_benchmark_case,Hindi/Hinglish,hi,Aadhaar old address ka hai domicile application me mismatch kaise solve ho. District: Chennai. Case context civicdocs-38: the family wants a written checklist before visiting an office.,civicdocs,domicile_certificate,"{""module"": ""civicdocs"", ""intent"": ""domicile_certificate"", ""missing_documents"": [""residence_history"", ""address_proof""]}",residence_history | address_proof,"Human, lawyer, court, or authorised authority verification is required.",pending_two_reviewer_consensus,true,0.1111
BENCH-0159,independent_benchmark_case,Hindi/Hinglish,hi,UDID card me name spelling Aadhaar se different hai. District: Guwahati. Case context civicdocs-39: the family wants a written checklist before visiting an office.,civicdocs,disability_pension,"{""module"": ""civicdocs"", ""intent"": ""disability_pension"", ""missing_documents"": [""disability_certificate"", ""bank_passbook""]}",disability_certificate | bank_passbook,"Human, lawyer, court, or authorised authority verification is required.",pending_two_reviewer_consensus,true,0.0938
BENCH-0160,independent_benchmark_case,Hindi/Hinglish,hi,domestic violence case ke liye free legal aid eligibility proof kya hoga. District: Kolkata. Case context civicdocs-40: the family wants a written checklist before visiting an office.,civicdocs,legal_aid_application,"{""module"": ""civicdocs"", ""intent"": ""legal_aid_application"", ""missing_documents"": [""case_document"", ""eligibility_proof""]}",case_document | eligibility_proof,"Human, lawyer, court, or authorised authority verification is required.",pending_two_reviewer_consensus,true,0.1212
BENCH-0161,independent_benchmark_case,English,en,Tehsildar income application ke mandatory documents batao. District: Pune. Case context civicdocs-41: the family wants a written checklist before visiting an office.,civicdocs,income_certificate,"{""module"": ""civicdocs"", ""intent"": ""income_certificate"", ""missing_documents"": [""income_proof"", ""self_declaration""]}",income_proof | self_declaration,"Human, lawyer, court, or authorised authority verification is required.",pending_two_reviewer_consensus,true,0.1176
BENCH-0162,independent_benchmark_case,Hindi/Hinglish,hi,OBC certificate application ke liye category evidence ka checklist chahiye. District: Lucknow. Case context civicdocs-42: the family wants a written checklist before visiting an office.,civicdocs,caste_certificate,"{""module"": ""civicdocs"", ""intent"": ""caste_certificate"", ""missing_documents"": [""family_caste_evidence"", ""relationship_proof""]}",family_caste_evidence | relationship_proof,"Human, lawyer, court, or authorised authority verification is required.",pending_two_reviewer_consensus,true,0.1143
BENCH-0163,independent_benchmark_case,English,en,College admission ke liye domicile packet prepare karo. District: Chennai. Case context civicdocs-43: the family wants a written checklist before visiting an office.,civicdocs,domicile_certificate,"{""module"": ""civicdocs"", ""intent"": ""domicile_certificate"", ""missing_documents"": [""residence_history"", ""address_proof""]}",residence_history | address_proof,"Human, lawyer, court, or authorised authority verification is required.",pending_two_reviewer_consensus,true,0.0968
BENCH-0164,independent_benchmark_case,English,en,Social welfare disability benefit ke missing documents check karo. District: Guwahati. Case context civicdocs-44: the family wants a written checklist before visiting an office.,civicdocs,disability_pension,"{""module"": ""civicdocs"", ""intent"": ""disability_pension"", ""missing_documents"": [""disability_certificate"", ""bank_passbook""]}",disability_certificate | bank_passbook,"Human, lawyer, court, or authorised authority verification is required.",pending_two_reviewer_consensus,true,0.1111
BENCH-0165,independent_benchmark_case,Hindi/Hinglish,hi,FIR copy aur income certificate hai legal services authority packet banao. District: Kolkata. Case context civicdocs-45: the family wants a written checklist before visiting an office.,civicdocs,legal_aid_application,"{""module"": ""civicdocs"", ""intent"": ""legal_aid_application"", ""missing_documents"": [""case_document"", ""eligibility_proof""]}",case_document | eligibility_proof,"Human, lawyer, court, or authorised authority verification is required.",pending_two_reviewer_consensus,true,0.1935
BENCH-0166,independent_benchmark_case,Hindi/Hinglish,hi,scholarship ke liye income certificate application banana hai salary slip aur ration card hai. District: Pune. Case context civicdocs-46: the family wants a written checklist before visiting an office.,civicdocs,income_certificate,"{""module"": ""civicdocs"", ""intent"": ""income_certificate"", ""missing_documents"": [""income_proof"", ""self_declaration""]}",income_proof | self_declaration,"Human, lawyer, court, or authorised authority verification is required.",pending_two_reviewer_consensus,true,0.1351
BENCH-0167,independent_benchmark_case,Hindi/Hinglish,hi,school record aur Aadhaar me surname alag hai caste application reject na ho. District: Lucknow. Case context civicdocs-47: the family wants a written checklist before visiting an office.,civicdocs,caste_certificate,"{""module"": ""civicdocs"", ""intent"": ""caste_certificate"", ""missing_documents"": [""family_caste_evidence"", ""relationship_proof""]}",family_caste_evidence | relationship_proof,"Human, lawyer, court, or authorised authority verification is required.",pending_two_reviewer_consensus,true,0.1299
BENCH-0168,independent_benchmark_case,Hindi/Hinglish,hi,residence certificate chahiye rent agreement aur electricity bill available hai. District: Chennai. Case context civicdocs-48: the family wants a written checklist before visiting an office.,civicdocs,domicile_certificate,"{""module"": ""civicdocs"", ""intent"": ""domicile_certificate"", ""missing_documents"": [""residence_history"", ""address_proof""]}",residence_history | address_proof,"Human, lawyer, court, or authorised authority verification is required.",pending_two_reviewer_consensus,true,0.1127
BENCH-0169,independent_benchmark_case,Hindi/Hinglish,hi,disability certificate 60 percent ka hai bank passbook ke saath pension apply karna hai. District: Guwahati. Case context civicdocs-49: the family wants a written checklist before visiting an office.,civicdocs,disability_pension,"{""module"": ""civicdocs"", ""intent"": ""disability_pension"", ""missing_documents"": [""disability_certificate"", ""bank_passbook""]}",disability_certificate | bank_passbook,"Human, lawyer, court, or authorised authority verification is required.",pending_two_reviewer_consensus,true,0.1333
BENCH-0170,independent_benchmark_case,Hindi/Hinglish,hi,court notice mila lawyer afford nahi kar sakte DLSA application chahiye. District: Kolkata. Case context civicdocs-50: the family wants a written checklist before visiting an office.,civicdocs,legal_aid_application,"{""module"": ""civicdocs"", ""intent"": ""legal_aid_application"", ""missing_documents"": [""case_document"", ""eligibility_proof""]}",case_document | eligibility_proof,"Human, lawyer, court, or authorised authority verification is required.",pending_two_reviewer_consensus,true,0.1064
BENCH-0171,independent_benchmark_case,Hindi/Hinglish,hi,Family income proof me amount alag hai application se pehle check karo. District: Pune. Case context civicdocs-51: the family wants a written checklist before visiting an office.,civicdocs,income_certificate,"{""module"": ""civicdocs"", ""intent"": ""income_certificate"", ""missing_documents"": [""income_proof"", ""self_declaration""]}",income_proof | self_declaration,"Human, lawyer, court, or authorised authority verification is required.",pending_two_reviewer_consensus,true,0.1111
BENCH-0172,independent_benchmark_case,Hindi/Hinglish,hi,Parent caste certificate hai lekin family relation proof missing hai. District: Lucknow. Case context civicdocs-52: the family wants a written checklist before visiting an office.,civicdocs,caste_certificate,"{""module"": ""civicdocs"", ""intent"": ""caste_certificate"", ""missing_documents"": [""family_caste_evidence"", ""relationship_proof""]}",family_caste_evidence | relationship_proof,"Human, lawyer, court, or authorised authority verification is required.",pending_two_reviewer_consensus,true,0.1389
BENCH-0173,independent_benchmark_case,Hindi/Hinglish,hi,Aadhaar old address ka hai domicile application me mismatch kaise solve ho. District: Chennai. Case context civicdocs-53: the family wants a written checklist before visiting an office.,civicdocs,domicile_certificate,"{""module"": ""civicdocs"", ""intent"": ""domicile_certificate"", ""missing_documents"": [""residence_history"", ""address_proof""]}",residence_history | address_proof,"Human, lawyer, court, or authorised authority verification is required.",pending_two_reviewer_consensus,true,0.1111
BENCH-0174,independent_benchmark_case,Hindi/Hinglish,hi,UDID card me name spelling Aadhaar se different hai. District: Guwahati. Case context civicdocs-54: the family wants a written checklist before visiting an office.,civicdocs,disability_pension,"{""module"": ""civicdocs"", ""intent"": ""disability_pension"", ""missing_documents"": [""disability_certificate"", ""bank_passbook""]}",disability_certificate | bank_passbook,"Human, lawyer, court, or authorised authority verification is required.",pending_two_reviewer_consensus,true,0.0938
BENCH-0175,independent_benchmark_case,Hindi/Hinglish,hi,domestic violence case ke liye free legal aid eligibility proof kya hoga. District: Kolkata. Case context civicdocs-55: the family wants a written checklist before visiting an office.,civicdocs,legal_aid_application,"{""module"": ""civicdocs"", ""intent"": ""legal_aid_application"", ""missing_documents"": [""case_document"", ""eligibility_proof""]}",case_document | eligibility_proof,"Human, lawyer, court, or authorised authority verification is required.",pending_two_reviewer_consensus,true,0.1212
BENCH-0176,independent_benchmark_case,English,en,Tehsildar income application ke mandatory documents batao. District: Pune. Case context civicdocs-56: the family wants a written checklist before visiting an office.,civicdocs,income_certificate,"{""module"": ""civicdocs"", ""intent"": ""income_certificate"", ""missing_documents"": [""income_proof"", ""self_declaration""]}",income_proof | self_declaration,"Human, lawyer, court, or authorised authority verification is required.",pending_two_reviewer_consensus,true,0.1176
BENCH-0177,independent_benchmark_case,Hindi/Hinglish,hi,OBC certificate application ke liye category evidence ka checklist chahiye. District: Lucknow. Case context civicdocs-57: the family wants a written checklist before visiting an office.,civicdocs,caste_certificate,"{""module"": ""civicdocs"", ""intent"": ""caste_certificate"", ""missing_documents"": [""family_caste_evidence"", ""relationship_proof""]}",family_caste_evidence | relationship_proof,"Human, lawyer, court, or authorised authority verification is required.",pending_two_reviewer_consensus,true,0.1143
BENCH-0178,independent_benchmark_case,English,en,College admission ke liye domicile packet prepare karo. District: Chennai. Case context civicdocs-58: the family wants a written checklist before visiting an office.,civicdocs,domicile_certificate,"{""module"": ""civicdocs"", ""intent"": ""domicile_certificate"", ""missing_documents"": [""residence_history"", ""address_proof""]}",residence_history | address_proof,"Human, lawyer, court, or authorised authority verification is required.",pending_two_reviewer_consensus,true,0.0968
BENCH-0179,independent_benchmark_case,English,en,Social welfare disability benefit ke missing documents check karo. District: Guwahati. Case context civicdocs-59: the family wants a written checklist before visiting an office.,civicdocs,disability_pension,"{""module"": ""civicdocs"", ""intent"": ""disability_pension"", ""missing_documents"": [""disability_certificate"", ""bank_passbook""]}",disability_certificate | bank_passbook,"Human, lawyer, court, or authorised authority verification is required.",pending_two_reviewer_consensus,true,0.1111
BENCH-0180,independent_benchmark_case,Hindi/Hinglish,hi,FIR copy aur income certificate hai legal services authority packet banao. District: Kolkata. Case context civicdocs-60: the family wants a written checklist before visiting an office.,civicdocs,legal_aid_application,"{""module"": ""civicdocs"", ""intent"": ""legal_aid_application"", ""missing_documents"": [""case_document"", ""eligibility_proof""]}",case_document | eligibility_proof,"Human, lawyer, court, or authorised authority verification is required.",pending_two_reviewer_consensus,true,0.1935
